ID,Description,setSize,enrichmentScore,NES,pvalue,p.adjust,qvalue,rank,leading_edge,core_enrichment,log2err,_row
mmu03030,DNA replication,35,-0.788,-2.3715,4.4736e-9,3.8585e-7,3.5182e-7,2151,"tags=77%, list=16%, signal=65%",67153/18969/68209/18538/19718/18974/59001/18972/106344/18971/19076/18968/68275/17217/17220/19075/19891/69263/14156/327762/17216/17215/16881/72151/17219/18973/17218,0.7615,mmu03030
mmu04110,Cell cycle,145,-0.6023,-2.3421,1e-10,1.725e-8,1.5729e-8,2088,"tags=41%, list=16%, signal=35%",433759/22630/12237/66440/56371/21781/17120/67177/18538/12566/17873/27214/75430/12580/12445/320209/19650/23882/12545/56452/12531/12235/17217/12581/67141/17220/27401/12649/12443/18392/21809/17216/12534/17215/12544/77011/21808/69716/12447/17219/56150/67052/22137/12532/18817/12448/71988/23834/30939/268697/105988/268930/20877/12428/12236/107995/67849/12442/17218/12577,,mmu04110
mmu05133,Pertussis,57,0.7279,2.2617,7.6197e-8,0.0000037554,0.0000034243,664,"tags=25%, list=5%, signal=23%",18126/16193/16175/16160/20311/16414/12475/21898/317677/667277/12258/50908/17087/50909,0.705,mmu05133
mmu04610,Complement and coagulation cascades,49,0.7587,2.2607,3.5305e-8,0.00000203,0.000001851,1268,"tags=51%, list=10%, signal=46%",16644/18788/385643/21824/20703/16414/74145/14068/317677/13136/22371/667277/12062/12628/12258/19124/50908/14962/50909/17221/17174/17175/12268/14066/12266,0.7195,mmu04610
mmu04814,Motor proteins,150,-0.5625,-2.1988,1.9327e-10,2.2226e-8,2.0266e-8,1755,"tags=41%, list=13%, signal=36%",17879/21957/17901/21648/71924/56455/326618/17883/21924/17904/11459/22154/22151/103733/110084/16582/22142/21953/21952/22004/11461/21925/21956/11465/21955/286942/67951/74376/22003/227613/103768/544791/17921/16571/17896/22146/209737/109242/11464/228421/216459/16551/17888/381293/22143/668303/71819/11475/110033/19348/16580/70218/73804/140781/17885/100502766/100310872/11468/98932/17884/17906,0.8267,mmu04814
mmu04657,IL-17 signaling pathway,71,0.678,2.1718,4.2421e-7,0,0,643,"tags=25%, list=5%, signal=24%",17386/16819/20201/16193/17392/14825/12981/20311/15978/15945/19225/20306/20292/20296/332110/12608/14283/22027,0.675,mmu04657
mmu05142,Chagas disease,85,0.6565,2.1423,1.3271e-7,0.0000050872,0.0000046386,746,"tags=16%, list=6%, signal=16%",20302/16644/18126/385643/16193/16160/15978/20304/20296/21898/21812/12062/18795/14675,0.6901,mmu05142
mmu05204,Chemical carcinogenesis - DNA adducts,33,0.761,2.1355,0,0.0002,0.0002,905,"tags=39%, list=7%, signal=37%",14857/14858/14859/19225/56615/14860/394432/13113/211666/15483/394435/13849/14862,0.5933,mmu05204
mmu04061,Viral protein interaction with cytokine and cytokine receptor,48,0.7119,2.1139,0.0000032784,0.0001,0.0001,369,"tags=33%, list=3%, signal=33%",20302/20303/16193/20307/12768/14825/20311/15945/20304/20306/57349/20292/20296/16992/329244/20315,0.6273,mmu04061
mmu04820,Cytoskeleton in muscle cells,207,-0.5288,-2.1013,1e-10,1.725e-8,1.5729e-8,1869,"tags=41%, list=14%, signal=35%",433766/17907/57778/109700/16480/71355/17879/21957/17901/24053/213019/21916/74103/76441/326618/67399/59006/17883/16400/242702/53867/30794/21924/12843/68802/11459/12111/17929/14200/12831/94216/21953/21952/53311/22004/11461/16905/21925/21393/14201/319480/21956/13808/78321/11465/21955/70549/13007/233199/11932/16907/16772/13009/22003/11931/12841/67451/544791/21827/12835/17896/93689/11464/12833/12842/16906/17888/241226/12715/58916/12834/109620/109272/13008/140781/17885/11468/98932/17884/12845/17906/11472/104099/21828,,mmu04820
mmu03460,Fanconi anemia pathway,49,-0.6455,-2.0986,0.0000045695,0.0001,0.0001,1978,"tags=43%, list=15%, signal=37%",17350/233826/18861/272158/101831/114714/12144/80905/68275/15205/208836/19891/67196/14087/12189/237211/268465/211651/19361/237911/223970,0.6105,mmu03460
mmu04620,Toll-like receptor signaling pathway,82,0.635,2.0929,0.0000023987,0.0001,0.0001,1524,"tags=27%, list=11%, signal=24%",20302/20303/16193/16160/21939/15945/20304/26410/12475/21898/17087/13038/54123/16151/56489/24088/15976/20750/20847/142980/16476/16391,0.6273,mmu04620
mmu05323,Rheumatoid arthritis,58,0.6827,2.0897,0.0000022703,0.0001,0.0001,1375,"tags=41%, list=10%, signal=37%",20302/16193/17392/16175/14825/12981/242341/20311/16414/15978/20304/20296/21898/20315/69583/22339/13038/12487/21687/13039/24088/16408/21943/11966,0.6273,mmu05323
mmu05140,Leishmaniasis,55,0.6703,2.0755,0.0000057125,0.0001,0.0001,304,"tags=18%, list=2%, signal=18%",18126/16175/16160/13058/16414/15978/19225/14131/21898/18751,0.6105,mmu05140
mmu05164,Influenza A,116,0.5961,2.0661,1.234e-7,0.0000050872,0.0000046386,1540,"tags=23%, list=12%, signal=21%",103964/16193/16175/22072/100503895/16160/23961/15978/15945/20304/17857/20296/21898/18751/58185/77125/17858/12702/54123/100037258/16151/56489/15976/20847/142980/16391/16452,0.6901,mmu05164
mmu03410,Base excision repair,41,-0.6706,-2.0606,0.0000095085,0.0002,0.0001,1718,"tags=44%, list=13%, signal=38%",11792/18538/19718/18974/59001/70603/18972/106344/15289/18971/17193/22256/69263/14156/16881/72151/18973/234258,0.5933,mmu03410
mmu05171,Coronavirus disease,178,0.561,2.0538,3.1579e-8,0.00000203,0.000001851,1524,"tags=20%, list=11%, signal=18%",16193/17392/16160/12981/23961/13058/74145/20344/15945/17857/14131/20296/21898/18751/317677/22371/667277/50908/17858/14962/50909/17174/17175/12268/16194/16151/56489/24088/100038882/12266/15976/20847/142980/11491/16476/16391,0.7195,mmu05171
mmu03440,Homologous recombination,37,-0.654,-2.0154,0.0001,0.0009,0.0008,1457,"tags=43%, list=11%, signal=39%",18972/57434/114714/235559/18971/19363/12144/68275/623474/19891/12021/12189/19366/268465/19361/237911,0.5384,mmu03440
mmu04060,Cytokine-cytokine receptor interaction,158,0.5554,2.0109,6.2189e-7,0,0,673,"tags=23%, list=5%, signal=23%",20302/20303/16193/16165/16175/21942/20307/12983/12768/14825/16160/12981/20311/21939/15978/15945/20304/240873/20306/57349/20292/20296/215274/16992/329244/20315/21812/12984/18414/16180/23886/69583/77125/17082/12778/16164/16847,0.6594,mmu04060
mmu05146,Amoebiasis,86,0.5867,1.9786,0.0001,0.0007,0.0006,1266,"tags=29%, list=9%, signal=26%",18126/16193/14825/16160/12981/20706/16414/11846/15978/20710/12475/21898/18751/20707/93806/11847/18795/14675/20723/20708/16775/20709/20726/24088/12479,0.5573,mmu05146
mmu03430,Mismatch repair,22,-0.7268,-1.9721,0.0001,0.0013,0.0012,2054,"tags=64%, list=15%, signal=54%",17688/17350/18861/18538/19718/18972/106344/18971/68275/19891/69263/16881/72151/26909,0.5188,mmu03430
mmu05143,African trypanosomiasis,22,0.7842,1.9721,0.0001,0.0009,0.0008,660,"tags=32%, list=5%, signal=30%",16644/385643/16193/16160/15978/18751/18795,0.5384,mmu05143
mmu04621,NOD-like receptor signaling pathway,133,0.5559,1.9463,0.0000029598,0.0001,0.0001,2276,"tags=32%, list=17%, signal=26%",16193/14825/23961/13058/12796/20304/20296/21898/12363/13030/229898/59027/18795/56338/18439/14468/16439/17951/54123/16151/56489/69538/71914/54396/229900/15976/20847/16440/15951/16476/16391/11796/58800/67443/12043/19766/67526/12675/22034/14469/17948/57436,0.6273,mmu04621
mmu05332,Graft-versus-host disease,19,0.7873,1.942,0.0003,0.0026,0.0023,778,"tags=32%, list=6%, signal=30%",16193/16175/15007/15978/240095/12487,0.4985,mmu05332
mmu05417,Lipid and atherosclerosis,165,0.5307,1.9316,9.1371e-7,0,0,1540,"tags=20%, list=12%, signal=18%",20302/16193/17392/14825/16160/13058/21939/13198/20344/20304/12475/22359/20296/21898/20656/14828/22027/17087/18795/11303/11911/54123/57257/16151/56489/18127/24088/19878/226641/13110/18024/16476/16452,0.6594,mmu05417
mmu04940,Type I diabetes mellitus,27,0.7203,1.9243,0.0004,0.0032,0.0029,1527,"tags=37%, list=11%, signal=33%",16175/15007/16160/15978/16992/240095/12487/16334/15040/12876,0.4985,mmu04940
mmu05134,Legionellosis,50,0.6208,1.8907,0.0005,0.0038,0.0035,1268,"tags=20%, list=10%, signal=18%",16193/14825/16160/16414/12475/21898/12176/17951/24088/12266,0.4985,mmu05134
mmu05330,Allograft rejection,19,0.766,1.8893,0.0007,0.0048,0.0044,778,"tags=32%, list=6%, signal=30%",15007/16160/21939/15978/240095/12487,0.4773,mmu05330
mmu04142,Lysosome biogenesis,214,0.507,1.876,0.0000010562,0,0,2614,"tags=40%, list=20%, signal=33%",242341/11605/19025/12514/13030/13038/18145/15586/94178/11777/211286/12751/17342/27419/320528/52187/235504/16784/15212/26889/13039/231855/11886/56464/75612/14420/13033/18010/235380/27029/18711/271564/11966/432486/18173/142980/100561/26373/109685/353047/19156/246049/240283/71279/56325/214585/211978/16783/11883/114143/104082/12752/15211/27426/11305/52120/56722/74008/19141/14667/110173/18174/214505/13423/14387/66144/54411/30930/64291/83429/68724/15932/215335/54170/11964/381201/66237/17939/66335/66848/11432/14628/16004/11593/67963/16889,0.6436,mmu04142
mmu04114,Oocyte meiosis,100,-0.5125,-1.8755,0,0.0005,0.0004,2226,"tags=29%, list=17%, signal=24%",69010/19045/21770/22630/66440/17120/18747/12566/75430/11513/12235/67141/12534/12447/56150/12532/18817/12448/20878/30939/268697/105988/268930/16000/107995/432530/12442/12323/11514,0.5573,mmu04114
mmu05152,Tuberculosis,129,0.5302,1.8723,0,0.0003,0.0003,1277,"tags=18%, list=10%, signal=16%",56619/18126/16193/16175/16160/242341/16414/12796/15978/14131/12475/21898/12608/14127/12795/216238/13115/16784/20698/12611/24088/12266/13033,0.5756,mmu05152
mmu04066,HIF-1 signaling pathway,97,0.5529,1.8668,0.0001,0.0009,0.0008,2188,"tags=36%, list=16%, signal=30%",18126/16193/13058/15978/15368/13807/15277/21898/20525/18751/353204/13819/11676/22339/170768/21687/112407/13685/16194/15251/228026/18127/16337/18641/16334/112405/13614/18708/12043/26395/13649/20848/16001/56421/328572,0.5384,mmu04066
mmu00480,Glutathione metabolism,51,0.62,1.8658,0.0003,0.0028,0.0026,905,"tags=24%, list=7%, signal=22%",14857/14858/14859/69065/56615/14860/16790/211666/14630/110208/14778/14862,0.4985,mmu00480
mmu05414,Dilated cardiomyopathy,83,-0.5282,-1.8476,0.0001,0.0008,0.0007,1816,"tags=37%, list=14%, signal=32%",109700/24053/54378/18747/326618/16400/21924/11554/11513/22004/11461/16905/12292/319480/21956/11465/16772/22003/21809/21808/11464/12391/17888/241226/16000/140781/432530/56808/17906/104099/11514,0.5384,mmu05414
mmu04071,Sphingolipid signaling pathway,112,0.5348,1.8443,0.0001,0.0009,0.0008,2114,"tags=25%, list=16%, signal=21%",16644/385643/94226/18751/18762/12062/14127/18795/19877/18754/230379/20698/81535/18127/11886/74442/13033/19878/13609/20397/20773/76893/18708/12043/26395/14360/14389/67260,0.5384,mmu04071
mmu00980,Metabolism of xenobiotics by cytochrome P450,42,0.6371,1.8428,0.0011,0.0072,0.0066,1528,"tags=40%, list=11%, signal=36%",14857/14858/14859/13107/56615/14860/394432/211666/15483/394435/71755/13849/14862/11522/11529/14870/11670,0.4551,mmu00980
mmu00982,Drug metabolism - cytochrome P450,39,0.6465,1.8388,0.0006,0.0048,0.0044,2010,"tags=51%, list=15%, signal=44%",14857/14858/14859/56615/14860/394432/211666/394435/14862/55990/11522/17161/109731/11529/14263/14870/11670/94284/68214/14261,0.4773,mmu00982
mmu03040,Spliceosome,134,-0.4828,-1.8356,0,0.0003,0.0003,4771,"tags=66%, list=36%, signal=43%",56215/70052/192160/60321/76938/20637/20227/74351/209416/13204/57905/64340/70767/15481/28035/192159/75062/22185/101943/27967/215051/76522/56070/17149/72654/76936/209003/66492/53317/56031/233073/76793/20624/231889/23983/66055/54633/68011/20222/68092/28000/66642/57317/67959/20638/230596/229279/67332/433702/101214/15382/60365/68479/107701/22668/68988/225027/15387/192170/66101/386612/73666/67465/107686/66373/108014/15381/110809/20462/108121/50783/66094/20643/66585/20630/20383/20641/53607/67678/53817/68981/233908/20382/21681/68816/27756/19655/78651,0.5756,mmu03040
mmu04914,Progesterone-mediated oocyte maturation,80,-0.5148,-1.8257,0.0001,0.0009,0.0008,2226,"tags=31%, list=17%, signal=26%",69010/18710/66440/56371/17120/18747/12566/18707/75430/11513/12531/12235/12534/56150/12532/18817/20878/110033/268697/268930/12428/16000/432530/12442/11514,0.5384,mmu04914
mmu04216,Ferroptosis,37,0.6282,1.8225,0.0013,0.0084,0.0076,2383,"tags=43%, list=18%, signal=36%",13058/15368/17254/12870/14630/213053/14325/20229/67547/68428/67443/18174/14081/26570/14629/50790,0.4551,mmu04216
mmu05418,Fluid shear stress and atherosclerosis,125,0.514,1.8057,0.0001,0.0013,0.0012,1997,"tags=26%, list=15%, signal=23%",14857/14858/16175/14859/21824/15978/56615/14860/15368/20296/211666/18104/18762/22339/22027/16416/14862/19252/16598/16151/13039/18127/18412/14870/18024/16476/12168/13614/11480/18708/12043/68214/16177,0.5188,mmu05418
mmu04261,Adrenergic signaling in cardiomyocytes,116,-0.4865,-1.8023,0,0.0006,0.0006,1807,"tags=27%, list=14%, signal=23%",18798/54378/18747/326618/208677/21924/11554/26427/11513/22004/12292/21956/381290/11932/11548/22003/11931/11555/11550/17896/11464/17888/56508/64082/140781/432530/12323/56808/17906/11514/16535,0.5573,mmu04261
mmu04623,Cytosolic DNA-sensing pathway,57,0.5757,1.7888,0.0015,0.009,0.0082,1514,"tags=19%, list=11%, signal=17%",20303/16193/15945/20304/77125/54123/16151/56489/58203/26388/15951,0.4551,mmu04623
mmu00600,Sphingolipid metabolism,43,0.61,1.7725,0.0013,0.0084,0.0076,2286,"tags=49%, list=17%, signal=41%",11605/22234/70750/56336/230379/15212/20698/81535/11886/74442/14420/18010/20397/19156/20773/76893/11883/15211/14667/67260/67630,0.4551,mmu00600
mmu04156,Integrated stress response (ISR) signaling pathway,49,0.593,1.7671,0.0015,0.009,0.0082,2033,"tags=29%, list=15%, signal=24%",228775/69065/13198/11910/14828/103172/107503/17872/11911/74747/56636/74142/170770/108954,0.4551,mmu04156
mmu04064,NF-kappa B signaling pathway,82,0.5342,1.7608,0.0008,0.0057,0.0052,713,"tags=16%, list=5%, signal=15%",20303/108723/14825/21939/19225/12475/21898/18751/16992/20315/13197/17087/16818,0.4773,mmu04064
mmu05322,Systemic lupus erythematosus,25,0.6784,1.7604,0.0049,0.025,0.0228,1268,"tags=40%, list=10%, signal=36%",21939/15978/14131/317677/667277/50908/50909/12487/12268/12266,0.407,mmu05322
mmu04062,Chemokine signaling pathway,137,0.5004,1.7586,0.0001,0.0011,0.001,2198,"tags=28%, list=16%, signal=24%",20302/20303/20307/12768/14825/20311/15945/20304/20306/57349/20292/20296/14710/18751/20315/18762/18795/19877/14706/16453/216148/57257/16151/320207/19878/12775/20847/16452/18708/14701/271849/20663/14773/104110/26395/20848/12675/11515/56637,0.5384,mmu04062
mmu05150,Staphylococcus aureus infection,27,0.6528,1.7438,0.0032,0.0178,0.0163,1309,"tags=63%, list=10%, signal=57%",16414/12796/20344/14131/317677/667277/12628/50908/14962/50909/17174/16663/17175/12268/19204/12266/16408,0.4317,mmu05150
mmu04380,Osteoclast differentiation,106,0.5083,1.7225,0.0006,0.0045,0.0041,2256,"tags=33%, list=17%, signal=28%",14728/16175/15978/83433/14131/19261/21812/14283/21682/13038/16818/12702/17342/16416/16439/16151/14284/18412/21943/15976/20847/16440/16476/16391/17060/17972/18708/26395/53313/16177/14360/14389/12675/22034/16478,0.4773,mmu04380
mmu05167,Kaposi sarcoma-associated herpesvirus infection,160,0.4742,1.7067,0.0002,0.002,0.0018,2255,"tags=24%, list=17%, signal=20%",16193/12768/15007/14825/239849/12981/74603/19225/14710/240095/22339/14706/16439/54123/16151/15251/56489/320207/12266/100504663/15976/20847/142980/15040/16440/16476/16391/16452/16195/18708/14701/67443/26395/20848/12675/17869/328572/56637/15006,0.5188,mmu05167
mmu04625,C-type lectin receptor signaling pathway,87,0.5245,1.7005,0.001,0.0068,0.0062,1524,"tags=16%, list=11%, signal=14%",56619/17474/16193/16160/19225/14127/12795/16439/16151/56489/20847/16440/16476/16391,0.4551,mmu04625
mmu04668,TNF signaling pathway,108,0.499,1.6973,0.0008,0.0056,0.0051,1965,"tags=24%, list=15%, signal=21%",16193/17392/14825/12981/20311/15945/20304/19225/26410/20296/16992/12608/78284/12702/11911/231991/16151/11491/16476/13614/11796/18708/12051/19766/217344/26395,0.4773,mmu04668
mmu03010,Ribosome,166,-0.4358,-1.6971,0.0001,0.0007,0.0006,5696,"tags=63%, list=43%, signal=36%",19943/118451/24030/56040/67840/20090/19989/20116/20005/107734/69163/74600/60441/237433/94067/19899/59054/27367/54217/19935/64655/76846/19896/66419/22121/20055/67945/67036/65111/64660/57808/68052/18100/78294/57312/68565/20104/16785/68836/66292/19988/67025/67308/75398/66489/66223/67115/66407/26961/66163/68537/56280/107732/232536/79044/94064/66448/66230/64657/66480/216767/99045/66258/14548/94062/56284/68499/19942/69956/218506/64659/67212/18120/22186/225215/67941/107733/353242/64656/100502825/77721/52443/19946/50529/27397/67994/27395/68028/57294/56282/68611/78523/66493/66077/68735/66121/67270/102060/66242/66128/67681/94063/64658/68436,0.5573,mmu03010
mmu00910,Nitrogen metabolism,13,0.7392,1.6962,0.0114,0.0491,0.0448,477,"tags=38%, list=4%, signal=37%",12353/12319/230099/76459/12354,0.3807,mmu00910
mmu04514,Cell adhesion molecule (CAM) interaction,79,0.5175,1.6916,0.0031,0.0176,0.016,1415,"tags=28%, list=11%, signal=25%",16421/15007/21939/16414/20344/71908/16728/171171/240095/19274/207683/18007/319504/12487/320910/52118/16456/53321/60533/12737/16408/15040,0.4317,mmu04514
mmu04640,Hematopoietic cell lineage,49,0.5664,1.6879,0.0038,0.0204,0.0186,1338,"tags=29%, list=10%, signal=26%",16193/16175/12981/12489/12475/16790/17311/13136/16416/14255/16194/17380/12479/16190,0.4317,mmu04640
mmu04080,Neuroactive ligand-receptor interaction,130,0.4838,1.6823,0.0007,0.0048,0.0044,1158,"tags=28%, list=9%, signal=26%",103964/16644/385643/228139/12424/22072/18166/223780/381853/11535/21337/30878/54140/19065/94226/11541/64095/15558/15551/71897/54598/11444/12918/18438/12062/16847/19220/54615/18439/14799/93670/18440/233571/14714/19204/14658,0.4773,mmu04080
mmu00052,Galactose metabolism,24,0.6254,1.6777,0.0164,0.0643,0.0586,2492,"tags=50%, list=19%, signal=41%",15277/11605/103988/232714/319625/18641/11997/66681/14387/56421/14430/216558,0.3525,mmu00052
mmu03420,Nucleotide excision repair,57,-0.4993,-1.6642,0.0033,0.0178,0.0163,3787,"tags=44%, list=28%, signal=32%",20021/107986/231329/17420/17749/28015/13194/67967/69920/69241/68240/66491/18538/19718/18974/59001/18972/106344/18971/68275/19891/69263/16881/72151/18973,0.4317,mmu03420
mmu05321,Inflammatory bowel disease,38,0.58,1.6617,0.009,0.04,0.0365,2028,"tags=34%, list=15%, signal=29%",16193/16175/16160/15978/19883/21898/19885/24088/16190/16476/16161/20848/14462,0.3807,mmu05321
mmu04512,ECM-receptor interaction,73,-0.4715,-1.6581,0.0048,0.0246,0.0224,1447,"tags=37%, list=11%, signal=33%",16400/14724/14729/12843/94216/12643/319480/12491/16772/12841/21827/12835/21923/12833/12842/242022/15366/241226/329278/12834/329872/16780/231470/12845/13406/104099/21828,0.407,mmu04512
mmu05163,Human cytomegalovirus infection,191,0.4526,1.6555,0.0004,0.0034,0.0031,2354,"tags=25%, list=18%, signal=21%",20302/20303/16193/12768/15007/20304/19225/20296/14710/18751/20315/78284/240095/22339/18795/19877/14706/16416/16439/11911/231991/13685/16194/16151/12010/19878/15040/16440/18595/19219/12317/14827/18708/14701/20663/19766/104110/26395/16177/13649/20848/12675/11515/17869/56637/15006/213233/21937,0.4985,mmu05163
mmu04260,Cardiac muscle contraction,64,-0.491,-1.654,0.0032,0.0178,0.0163,3639,"tags=59%, list=27%, signal=43%",12864/12865/11928/12867/15464/66142/12869/21954/12298/12866/67003/12858/67530/11937/12861/59069/12373/110323/12859/66445/66594/22273/54378/326618/21924/22004/12292/21956/11932/22003/11931/17896/11464/17888/140781/56808/17906/333182,0.4317,mmu04260
mmu04672,Intestinal immune network for IgA production,21,0.6478,1.6457,0.0125,0.0531,0.0484,778,"tags=33%, list=6%, signal=31%",16193/16421/21939/11628/20315/69583/12487,0.3807,mmu04672
mmu04971,Gastric acid secretion,53,-0.5021,-1.6454,0.0028,0.0163,0.0149,1189,"tags=26%, list=9%, signal=24%",238564/11513/11461/11465/11932/11931/18752/12349/208890/213435/432530/12323/11514/16535,0.4317,mmu04971
mmu04630,JAK-STAT signaling pathway,111,0.4811,1.6424,0.0017,0.0101,0.0092,2322,"tags=35%, list=17%, signal=29%",16193/16165/12983/16160/12981/15978/329244/12984/18414/12444/16164/16847/12702/18712/16453/53603/16194/12803/16190/15976/20847/18595/16391/16452/16195/16161/57914/18708/12043/20663/19255/14600/13649/20848/16188/17869/328572/12700/13645,0.4551,mmu04630
mmu05168,Herpes simplex virus 1 infection,139,0.4593,1.604,0.0008,0.0056,0.0051,2424,"tags=28%, list=18%, signal=23%",16193/15007/16160/23961/15978/20304/20296/16992/240095/12702/16416/54123/13685/16151/56489/12010/24088/12266/15976/20847/142980/15040/16391/16452/12317/11796/245610/14827/18708/78781/12043/12675/56009/22034/15006/213233/21937/69550/24014,0.4773,mmu05168
mmu00531,Glycosaminoglycan degradation,16,0.669,1.5949,0.0218,0.0809,0.0737,2164,"tags=62%, list=16%, signal=52%",15586/27419/15212/75612/27029/109685/15442/15211/52120/15932,0.3525,mmu00531
mmu04613,Neutrophil extracellular trap formation,84,0.4874,1.594,0.0065,0.032,0.0292,1309,"tags=19%, list=10%, signal=17%",64008/13058/16414/12796/20344/14131/21898/18751/12363/22371/18795/16416/24088/12266/12728/16408,0.407,mmu04613
mmu05160,Hepatitis C,119,0.4502,1.5926,0.0033,0.0178,0.0163,2424,"tags=28%, list=18%, signal=23%",23961/15957/15978/15945/17857/71908/58185/17858/12702/22259/54123/16151/56489/12737/15976/20847/142980/16391/12738/18708/20663/19766/26395/13649/20848/12675/17869/56637/22034/13645/21937/12739/24014,0.4317,mmu05160
mmu04933,AGE-RAGE signaling pathway in diabetic complications,88,0.4767,1.5898,0.0062,0.0308,0.028,1861,"tags=24%, list=14%, signal=21%",16193/16175/21824/13058/20296/18751/21812/18762/22339/18795/18712/18754/22340/18127/18802/14066/16476/16452/13614/18708/12043,0.407,mmu04933
mmu05162,Measles,100,0.4654,1.5841,0.0074,0.0357,0.0326,2301,"tags=27%, list=17%, signal=23%",16193/16175/16160/23961/17857/21898/12444/17858/17221/12487/16453/54123/16151/56489/24088/15976/20847/16476/16391/18708/12043/170770/20848/12675/56637/22034/56382,0.407,mmu05162
mmu04714,Thermogenesis,177,-0.4042,-1.5697,0.0004,0.0032,0.0029,4346,"tags=56%, list=33%, signal=38%",52469/20588/14683/69802/19082/68197/66495/66706/66416/57376/66576/83796/66152/216739/12862/76947/19094/66694/67273/226139/69702/12864/12865/12867/12896/54405/15461/66046/66142/66925/12869/56716/68375/73694/78070/66359/70316/69875/407785/12866/20586/56456/17995/19079/226646/99982/67003/68033/66377/12858/67184/68349/67530/227197/67264/12861/104130/26397/66945/68202/66052/225887/17993/67680/66218/108099/29861/66108/110323/66993/66414/12859/66091/68342/69487/66916/72900/68194/230075/12163/66445/66594/22273/68198/12801/18747/241113/16890/208677/108097/66272/26427/11513/11461/11465/23945/432530/333182/11514,0.4985,mmu04714
mmu04622,RIG-I-like receptor signaling pathway,49,0.5192,1.5472,0.0134,0.056,0.051,2203,"tags=24%, list=17%, signal=21%",16160/15945/67664/54123/16151/26401/56489/100038882/19766/67526/12675/22034,0.3807,mmu04622
mmu04931,Insulin resistance,91,0.4602,1.5461,0.0085,0.0386,0.0352,1178,"tags=20%, list=9%, signal=18%",16193/228775/20525/18751/26457/244416/78284/18762/53412/12702/74551/22259/18754/231991/105651/110095/18127/16337,0.3807,mmu04931
mmu04659,Th17 cell differentiation,73,0.4776,1.5354,0.0136,0.056,0.0511,2135,"tags=27%, list=16%, signal=23%",16193/15978/19883/21812/16180/19885/16818/16453/16194/16151/15251/16190/16476/16452/16195/16161/16177/20848/14462/12675,0.3807,mmu04659
mmu00190,Oxidative phosphorylation,90,-0.426,-1.5302,0.0042,0.0217,0.0198,4195,"tags=67%, list=31%, signal=46%",68197/66495/66416/66576/66152/12862/27060/66694/67273/226139/12864/12865/12867/54405/66046/66142/66925/12869/68375/70316/69875/407785/12866/17995/226646/67003/66377/12858/67184/68349/67530/227197/67264/12861/67895/104130/66945/68202/66052/225887/17993/67680/66218/66108/110323/66414/12859/66091/68342/66916/72900/68194/230075/66445/66594/22273/68198/13063/333182/68775,0.407,mmu00190
mmu00220,Arginine biosynthesis,16,0.6395,1.5246,0.0379,0.1233,0.1124,1140,"tags=25%, list=9%, signal=23%",18126/11846/11847/18127,0.3218,mmu00220
mmu05320,Autoimmune thyroid disease,16,0.637,1.5187,0.0379,0.1233,0.1124,1415,"tags=31%, list=11%, signal=28%",15007/21939/240095/12487/15040,0.3218,mmu05320
mmu00983,Drug metabolism - other enzymes,59,0.4909,1.5146,0.0172,0.0668,0.0609,559,"tags=17%, list=4%, signal=16%",14857/14858/14859/22436/56615/14860/394432/244595/211666/394435,0.3525,mmu00983
mmu00410,beta-Alanine metabolism,26,-0.5224,-1.5125,0.0306,0.1056,0.0963,847,"tags=19%, list=6%, signal=18%",73748/268860/73458/11754/621603,0.3525,mmu00410
mmu04148,Efferocytosis,131,0.4226,1.4983,0.0075,0.0357,0.0326,1987,"tags=26%, list=15%, signal=22%",171285/11846/19225/20525/20501/319520/19261/12642/12608/11847/243958/228432/22259/16416/11303/18218/15251/20698/233571/16971/13609/11502/70686/11491/19219/16452/50770/12317/93759/16423/18514/12215/26395/53313,0.407,mmu04148
mmu05410,Hypertrophic cardiomyopathy,82,-0.4237,-1.495,0.0078,0.037,0.0337,1816,"tags=34%, list=14%, signal=30%",109700/24053/54378/241113/326618/16400/108097/21924/22004/11461/16905/12292/319480/21956/11465/16772/22003/21809/21808/11464/12391/17888/241226/16000/140781/56808/17906/104099,0.3807,mmu05410
mmu04921,Oxytocin signaling pathway,114,-0.4002,-1.4944,0.0079,0.037,0.0337,1915,"tags=24%, list=14%, signal=20%",18018/18798/54378/18747/241113/108097/17260/17904/238564/11513/11461/12292/20192/232889/11465/12443/18752/18019/216459/215303/12326/213435/432530/12323/56808/98932/11514,0.3807,mmu04921
mmu04115,p53 signaling pathway,67,-0.4373,-1.4902,0.0135,0.056,0.051,1572,"tags=28%, list=12%, signal=25%",30954/13063/12566/17873/12445/23882/12649/12521/57913/12443/12534/20135/12447/29870/12448/16009/268697/16000/12442,0.3807,mmu04115
mmu05016,Huntington disease,233,-0.362,-1.4796,0.0008,0.0057,0.0052,4209,"tags=56%, list=32%, signal=39%",13191/68197/66495/66416/13385/70247/66576/66152/232910/15182/12862/69077/59029/66694/56444/67273/12371/66997/20021/19179/12864/22334/12865/22335/54130/12867/16593/26442/231329/16572/54405/66046/66142/56436/26443/17749/22030/66925/11771/26444/12869/69590/73710/68375/12370/70316/23996/69875/407785/66413/69920/69241/12866/19167/22123/17995/226646/26441/67003/66377/19181/12858/23997/26440/16574/67184/19172/68349/67530/11739/227197/26445/19166/67264/12861/104130/12287/66945/68202/66052/22145/225887/22059/19175/17993/67680/19177/105675/66218/11740/66108/110323/19184/66414/26446/11773/12859/433759/66091/68342/66916/72900/68194/215114/230075/66445/66594/19182/22273/18798/68198/14775/20512/66491/19173/13063/208677/21817/22154/22151/110084/22142/26427/67951/67305/227613/15114/53623/22146/22143/333182,0.4773,mmu05016
mmu05412,Arrhythmogenic right ventricular cardiomyopathy,68,-0.421,-1.4631,0.0272,0.0976,0.089,1816,"tags=28%, list=14%, signal=24%",109700/16480/24053/21415/54378/16400/11461/16905/12292/319480/11465/16772/67451/12391/241226/109620/56808/11472/104099,0.3525,mmu05412
mmu05415,Diabetic cardiomyopathy,153,-0.3674,-1.4499,0.0084,0.0386,0.0352,3639,"tags=52%, list=27%, signal=38%",12864/22334/12865/22335/12867/12896/12322/54405/66046/68263/66142/66925/12869/70456/21803/21954/68375/70316/69875/407785/12866/11652/17995/226646/17127/67003/66377/12858/67184/68349/67530/11937/11739/227197/67264/12861/104130/66945/68202/66052/225887/11545/17993/67680/105675/66218/11740/19045/66108/110323/66414/21813/12859/18710/66091/68342/66916/236900/72900/68194/230075/66445/66594/22273/18798/68198/18707/14584/12843/55951/19013/12491/18752/21809/21808/12842/20528/12323/17395/333182,0.3807,mmu05415
mmu04382,Cornified envelope formation,97,0.4282,1.4457,0.0226,0.0828,0.0755,1051,"tags=19%, list=8%, signal=17%",20762/20201/20759/20761/66195/71932/21816/71908/74127/26457/110310/386463/22234/70750/71913/16663/13518/66166,0.3525,mmu04382
mmu01524,Platinum drug resistance,70,0.4512,1.4408,0.0368,0.1233,0.1124,2020,"tags=23%, list=15%, signal=19%",14857/14858/14859/56615/14860/211666/19714/14862/14870/11796/18708/12043/11977/22590/68214/170770,0.3218,mmu01524
mmu05202,Transcriptional misregulation in cancer,137,0.4095,1.4393,0.0086,0.0386,0.0352,981,"tags=15%, list=7%, signal=14%",16193/17392/16421/12981/21939/13198/12475/22431/80859/12608/12444/12395/13197/15364/14048/17342/212980/104156/14009/14255/17095,0.3807,mmu05202
mmu05145,Toxoplasmosis,88,0.4315,1.4389,0.03,0.1044,0.0952,2354,"tags=22%, list=18%, signal=18%",18126/16160/21939/15978/21898/17087/16151/16775/320207/24088/54396/16452/11796/12043/20848/12675/22034/23928/21937,0.3525,mmu05145
mmu04518,Integrin signaling,127,-0.3809,-1.4361,0.0107,0.0466,0.0425,2214,"tags=37%, list=17%, signal=31%",18596/109711/14118/22329/18710/22330/114249/73341/109700/18654/60595/16202/18707/16400/54635/22341/12843/12445/94216/12643/11461/78369/319480/18591/11465/70549/16407/12443/16772/12841/21827/12835/21923/12833/12842/242022/241226/329278/12834/16000/329872/16780/231470/12845/13406/104099/21828,0.3807,mmu04518
mmu04925,Aldosterone synthesis and secretion,70,-0.4208,-1.4301,0.014,0.0568,0.0518,1807,"tags=27%, list=14%, signal=24%",18798/18747/16890/208677/18760/26427/11513/12292/381290/11932/207728/11931/18752/215303/12326/432530/12323/12291/11514,0.3807,mmu04925
mmu03050,Proteasome,44,-0.4534,-1.4256,0.0481,0.1522,0.1388,4588,"tags=84%, list=34%, signal=55%",19186/19185/67151/19170/17463/70247/69077/59029/66997/19179/26442/56436/26443/26444/66537/23996/66413/19167/22123/26441/19181/621823/23997/26440/19172/26445/19166/19175/19177/19184/26446/19188/19182/19173/19171/16913/16912,0.3218,mmu03050
mmu04936,Alcoholic liver disease,108,0.4155,1.4133,0.028,0.0987,0.09,3150,"tags=29%, list=24%, signal=22%",16193/14825/16160/12475/21898/329065/17087/12268/11522/16151/56489/12266/11529/19017/93759/80911/19766/14245/12675/56637/22034/21937/20249/66724/117149/625018/56480/266632/105787/11671/107476,0.3525,mmu04936
mmu01522,Endocrine resistance,84,-0.4008,-1.4113,0.0188,0.0721,0.0658,2109,"tags=21%, list=16%, signal=18%",16450/18710/18131/18747/18128/18707/12580/11513/13982/12443/15200/13388/76854/12124/16000/432530/17395/11514,0.3525,mmu01522
mmu04141,Protein processing in endoplasmic reticulum,156,0.3886,1.4023,0.0156,0.0619,0.0564,3939,"tags=38%, list=30%, signal=27%",13198/14828/64209/22027/17872/12282/11911/100037258/17155/12330/67075/226641/20338/18024/108159/12317/14827/216440/12043/12304/140740/240667/18415/78943/80286/71853/270669/67838/13418/77371/74126/72265/18453/192193/50762/66059/67819/66967/12915/103963/13666/27061/66530/19089/108687/22393/320011/22433/81910/226418/17156/66753/12033/66397/193670/54609/69276/110616/15519/12028,0.3807,mmu04141
mmu04660,T cell receptor signaling pathway,92,0.4151,1.3861,0.0453,0.1459,0.133,2198,"tags=17%, list=16%, signal=15%",108723/12981/15978/26410/21682/16818/12487/57257/16151/16476/18708/20663/26395/14360/12675/56637,0.3218,mmu04660
mmu04723,Retrograde endocannabinoid signaling,97,-0.3836,-1.3774,0.0216,0.0809,0.0737,2968,"tags=44%, list=22%, signal=35%",70316/69875/407785/14678/17995/226646/66377/67184/68349/227197/67264/14693/104130/12287/68202/225887/17993/66218/66108/66414/12286/66091/14702/68342/66916/72900/68194/14696/230075/18798/68198/12801/18747/72961/11513/12292/14704/18752/53623/23945/14401/432530/11514,0.3525,mmu04723
mmu05207,Chemical carcinogenesis - receptor activation,148,0.3882,1.3757,0.0275,0.0979,0.0893,2023,"tags=25%, list=15%, signal=21%",14857/14858/14859/71932/16600/56615/14860/394432/13113/18751/211666/11444/78284/394435/14178/22339/22027/13849/14862/11911/231991/13685/14165/56489/53973/21943/16476/16452/18708/94284/12043/20663/104110/26395/68214/13649/20848,0.3525,mmu05207
mmu04024,cAMP signaling pathway,142,-0.3609,-1.3621,0.015,0.0603,0.055,1973,"tags=26%, list=15%, signal=22%",15166/18018/18479/11539/18747/54611/11705/16890/18577/18707/208677/11554/58991/26427/106952/11513/170483/11517/12292/19013/381290/11932/11540/11931/170458/53623/11555/19217/56508/64082/12326/432530/12323/15552/14632/98932/11514,0.3807,mmu04024
mmu04934,Cushing syndrome,119,-0.3629,-1.3367,0.0254,0.0924,0.0842,1807,"tags=21%, list=14%, signal=18%",18798/21415/18747/12566/208677/57265/12580/69544/26427/11513/12292/114230/12443/22417/216795/12447/22411/22409/12448/110115/432530/22420/12323/12291/11514,0.3525,mmu04934
mmu03013,Nucleocytoplasmic transport,98,-0.3603,-1.3288,0.0472,0.1508,0.1375,4020,"tags=44%, list=30%, signal=31%",51796/107939/72322/19704/13680/67031/17149/103573/70699/170722/68092/18141/72787/433702/74412/56488/60365/170762/226432/77595/192170/386612/18226/16211/73666/22196/234865/110379/20220/69482/103468/71805/170930/69736/69912/19384/53817/223921/445007/21681/19387/54563/16647,0.3218,mmu03013
mmu04510,Focal adhesion,176,-0.3308,-1.3093,0.0373,0.1233,0.1124,1851,"tags=24%, list=14%, signal=21%",17907/109700/18479/18654/60595/16202/18707/16400/54635/22341/12843/12445/94216/22323/238564/12643/11461/319480/18591/11465/70549/12443/16772/18752/12841/21827/12835/21923/12391/12833/12842/241226/329278/12834/12389/16000/213435/16780/98932/12845/17906/104099/21828,0.3218,mmu04510
mmu04530,Tight junction,128,-0.3374,-1.2858,0.0373,0.1233,0.1124,2818,"tags=30%, list=21%, signal=24%",19079/27494/21873/77579/67268/105782/23859/22145/93737/17886/108099/109711/67771/68089/83964/22376/217325/72058/18538/18747/60595/241113/108097/17904/22142/22323/60363/11461/11465/242894/12443/22146/216459/22143/58220/98932/17906/70737,0.3218,mmu04530
mmu05200,Pathways in cancer,437,0.3185,1.2665,0.0341,0.1163,0.1061,2245,"tags=22%, list=17%, signal=19%",16644/18126/385643/14857/16193/14858/14859/12983/16160/15978/19225/56615/14860/15368/14710/20525/18751/17311/211666/18104/20315/21812/12984/12444/13819/14366/12395/13197/14178/12062/22339/22410/22027/15234/16164/18795/19877/212398/17342/14706/18712/14862/16453/112407/14255/22340/14182/16194/14165/16151/15251/16775/108989/22414/19878/69635/16190/15976/20847/112405/14870/18595/19219/18024/16476/16452/13614/16195/11789/11796/16161/22422/56636/18708/14701/18510/12043/20663/104110/26395/68214/13649/170770/20848/16001/18715/12675/11515/16188/17869/328572/56637/22034/23928/19765/17979,0.2879,mmu05200
mmu05012,Parkinson disease,207,-0.3127,-1.2426,0.0206,0.078,0.0711,4086,"tags=57%, list=31%, signal=40%",70247/66576/66152/12862/170731/69077/59029/66694/67273/12371/66997/18803/19179/12864/12314/22334/12865/22335/12867/16593/26442/12322/22195/16572/54405/66046/66142/56436/26443/140499/66925/22201/26444/12869/73710/68375/70316/22186/23996/69875/407785/66413/12866/68015/14678/19167/22123/17995/226646/26441/13665/67003/66377/19181/64704/12858/23997/26440/16574/67184/19172/68349/67530/11739/227197/26445/19166/67264/12315/12861/104130/66945/68202/66052/22145/225887/22059/19175/17993/67680/19177/215999/105675/66218/11740/66108/110323/19184/66414/26446/12859/66091/68342/66916/72900/68194/230075/66445/66594/19182/22273/68198/19173/18747/13063/67847/22154/22151/22142/20192/67951/11540/227613/22146/22143/12323/333182,0.3525,mmu05012