"taxon","n_pairs","median_before","median_after","median_delta","p","p_adj","disease"
"k__Bacteria;p__Bacteroidetes;c__Bacteroidia;o__Bacteroidales;f__Bacteroidaceae;g__Bacteroides;__",35,3.03904764744147,-0.783376984269452,-1.45194860851003,0.000637699975486792,0.0867271966662037,"IBS"
"k__Bacteria;p__Verrucomicrobia;c__Verrucomicrobiae;o__Verrucomicrobiales;f__Verrucomicrobiaceae;g__Akkermansia;s__muciniphila",35,2.27338642465148,3.06906236504417,1.27089991656907,0.00384117432616327,0.214069922441329,"IBS"
"k__Bacteria;p__Proteobacteria;c__Deltaproteobacteria;o__Desulfovibrionales;f__Desulfovibrionaceae;g__;s__",35,-1.13135201023649,-1.80272297111971,-0.671421387642333,0.00472213064208814,0.214069922441329,"IBS"
"k__Bacteria;p__Firmicutes;c__Bacilli;o__Lactobacillales;f__Lactobacillaceae;g__Lactobacillus;s__",35,2.13869852589832,2.51782713933762,1.07358538354704,0.008163502365655,0.268958710662783,"IBS"
"k__Bacteria;p__Fusobacteria;c__Fusobacteriia;o__Fusobacteriales;f__Fusobacteriaceae;g__Fusobacterium;s__",35,-1.61467093136179,-1.80899503099214,-0.464299048940392,0.00988818789201407,0.268958710662783,"IBS"
"k__Bacteria;p__Firmicutes;c__Clostridia;o__Clostridiales;f__Lachnospiraceae;g__Coprococcus;s__catus",35,-1.85610191012082,-1.47698096614049,0.55449563330671,0.0150031616387809,0.340071663812367,"IBS"
"k__Bacteria;p__Actinobacteria;c__Actinobacteria;o__Bifidobacteriales;f__Bifidobacteriaceae;g__Bifidobacterium;s__animalis",35,-1.82360870602936,-1.53519450731775,0.40064091030461,0.0179432968863018,0.348612625219578,"IBS"
"k__Bacteria;p__Firmicutes;c__Clostridia;o__Clostridiales;f__Ruminococcaceae;g__Ruminococcus;s__bromii",35,-0.788797820066861,2.31533907798258,0.67162391371224,0.0243139215724566,0.391280139427629,"IBS"
"k__Bacteria;p__Firmicutes;c__Bacilli;o__Lactobacillales;f__Lactobacillaceae;g__Lactobacillus;s__reuteri",35,-1.85610191012082,-1.64046783626816,0.40064091030461,0.0264612996081801,0.391280139427629,"IBS"
"k__Bacteria;p__Actinobacteria;c__Actinobacteria;o__Bifidobacteriales;f__Bifidobacteriaceae;g__Bifidobacterium;__",35,-1.42628047150585,-0.141251754934337,0.55449563330671,0.0287705984873257,0.391280139427629,"IBS"
"k__Bacteria;p__Actinobacteria;c__Coriobacteriia;o__Coriobacteriales;f__Coriobacteriaceae;g__;s__",35,-1.80419261151277,-0.94933934085745,0.632064022150144,0.0353156996016686,0.400244595485578,"IBS"
"k__Bacteria;p__Firmicutes;c__Clostridia;o__Clostridiales;f__Veillonellaceae;g__Veillonella;s__",35,-1.30087385333146,-1.80899503099214,-0.414372213134785,0.0353156996016686,0.400244595485578,"IBS"
"k__Bacteria;p__Bacteroidetes;c__[Saprospirae];o__[Saprospirales];f__Chitinophagaceae;g__;s__",35,-1.61467093136179,-1.80899503099214,-0.414372213134785,0.0503113162017962,0.507736158664234,"IBS"
"k__Bacteria;p__Bacteroidetes;c__Bacteroidia;o__Bacteroidales;f__Bacteroidaceae;g__Bacteroides;s__uniformis",35,2.85437333259492,-0.783376984269452,-0.969070936274449,0.0522669575095535,0.507736158664234,"IBS"
"k__Bacteria;p__Firmicutes;c__Clostridia;o__Clostridiales;f__Ruminococcaceae;g__Ruminococcus;s__callidus",35,-1.30087385333146,-1.77305472616875,-0.260239568729178,0.0563692274638548,0.511080995672283,"IBS"
"k__Bacteria;p__Firmicutes;c__Clostridia;o__Clostridiales;f__Lachnospiraceae;g__[Ruminococcus];s__gnavus",35,3.02659784595407,2.92006839310442,-0.671421387642333,0.0653796049173849,0.555726641797772,"IBS"
"k__Bacteria;p__Firmicutes;c__Clostridia;o__Clostridiales;f__Lachnospiraceae;g__Blautia;s__",35,3.30751605273516,3.68566941959761,0.712375236215983,0.0728904296971216,0.583123437576972,"IBS"
"k__Bacteria;p__Firmicutes;c__Erysipelotrichi;o__Erysipelotrichales;f__Erysipelotrichaceae;g__;s__",35,1.95045912283001,3.10214259703241,0.630632344556338,0.0931789116995114,0.704018443951864,"IBS"
"k__Bacteria;p__Firmicutes;c__Clostridia;o__Clostridiales;f__Clostridiaceae;g__SMB53;s__",35,-1.85610191012082,-1.64046783626816,0.347842030552747,0.0997423760173697,0.713945428334857,"IBS"
"k__Bacteria;p__Firmicutes;c__Clostridia;o__Clostridiales;f__Lachnospiraceae;g__Coprococcus;s__eutactus",35,-1.54604843863647,-1.80272297111971,-0.262946592355671,0.110273188192729,0.738107179842349,"IBS"
"k__Bacteria;p__Bacteroidetes;c__Bacteroidia;o__Bacteroidales;f__Bacteroidaceae;g__Bacteroides;s__",35,4.12273341445765,3.6668523595268,-0.305633688758608,0.113972432181539,0.738107179842349,"IBS"
"k__Bacteria;p__Bacteroidetes;c__Bacteroidia;o__Bacteroidales;f__Bacteroidaceae;g__Bacteroides;s__fragilis",35,-0.0322878459047131,-1.44220948041471,-0.424320065432053,0.121663469692294,0.752101449006909,"IBS"
"k__Bacteria;p__Proteobacteria;c__Betaproteobacteria;o__Burkholderiales;f__Alcaligenaceae;g__Sutterella;s__",35,2.74467893537389,2.3509067876817,-0.137775779198055,0.133953661489667,0.783457353078593,"IBS"
"k__Bacteria;p__Proteobacteria;c__Alphaproteobacteria;o__Caulobacterales;f__Caulobacteraceae;g__Brevundimonas;__",35,-1.25827701380645,-1.80272297111971,-0.344409297613635,0.138257179955046,0.783457353078593,"IBS"
"k__Bacteria;p__Firmicutes;c__Clostridia;o__Clostridiales;f__Veillonellaceae;g__Veillonella;s__dispar",35,2.56502938004521,-0.727087946351331,-0.68524242496899,0.14718288871703,0.794071722364926,"IBS"
"k__Bacteria;p__Firmicutes;c__Bacilli;o__Lactobacillales;f__Streptococcaceae;g__Streptococcus;__",35,-0.943053689422105,-1.71770869721642,-0.414372213134785,0.151807829275648,0.794071722364926,"IBS"
"k__Bacteria;p__Proteobacteria;c__Deltaproteobacteria;o__Desulfovibrionales;f__Desulfovibrionaceae;g__Bilophila;s__",35,-0.943053689422105,-1.45208051911267,-0.414372213134785,0.166346947631825,0.803896070624953,"IBS"
"k__Bacteria;p__Firmicutes;c__Clostridia;o__Clostridiales;f__Veillonellaceae;g__Dialister;s__",35,2.08685020710407,3.33631980768965,0.33617354794621,0.171419015059733,0.803896070624953,"IBS"
"k__Bacteria;p__Actinobacteria;c__Coriobacteriia;o__Coriobacteriales;f__Coriobacteriaceae;g__Collinsella;s__aerofaciens",35,-0.807639755830566,2.82544028238642,0.134663015812185,0.171419015059733,0.803896070624953,"IBS"
"k__Bacteria;p__Firmicutes;c__Erysipelotrichi;o__Erysipelotrichales;f__Erysipelotrichaceae;g__Clostridium;s__spiroforme",35,-1.82360870602936,-1.77305472616875,0.165644115000117,0.192867893490543,0.816854626823622,"IBS"
"k__Bacteria;p__Firmicutes;c__Clostridia;o__Clostridiales;f__Ruminococcaceae;g__;s__",35,1.87363893882121,1.5781187803582,-0.606772148426099,0.192867893490543,0.816854626823622,"IBS"
"k__Bacteria;p__Proteobacteria;c__Alphaproteobacteria;o__Caulobacterales;f__Caulobacteraceae;g__;s__",35,-0.98607906611466,-1.64046783626816,-0.414372213134785,0.198525883286798,0.816854626823622,"IBS"
"k__Bacteria;p__Bacteroidetes;c__Bacteroidia;o__Bacteroidales;__;__;__",35,-1.81498600288696,-1.64046783626816,0.165644115000117,0.204304289425634,0.816854626823622,"IBS"
"k__Bacteria;p__Firmicutes;c__Clostridia;o__Clostridiales;f__Lachnospiraceae;g__Dorea;s__longicatena",35,-1.25827701380645,-1.53519450731775,-0.464299048940392,0.204304289425634,0.816854626823622,"IBS"
"k__Bacteria;p__Actinobacteria;c__Actinobacteria;o__Actinomycetales;f__Actinomycetaceae;g__Actinomyces;s__",35,2.67697012627306,2.60084178741984,-0.442676584927226,0.216226224747429,0.816854626823622,"IBS"
"k__Bacteria;p__Bacteroidetes;c__Bacteroidia;o__Bacteroidales;f__Bacteroidaceae;g__Bacteroides;s__plebeius",35,-0.788797820066861,-1.35742590255689,-0.414372213134785,0.216226224747429,0.816854626823622,"IBS"
"k__Bacteria;p__Firmicutes;c__Clostridia;o__Clostridiales;f__[Mogibacteriaceae];g__;s__",35,-0.98607906611466,-0.783376984269452,0.320907402803076,0.222371576172608,0.817365793499317,"IBS"
"k__Bacteria;p__Bacteroidetes;c__Bacteroidia;o__Bacteroidales;f__Prevotellaceae;g__Prevotella;s__stercorea",35,-1.69514319127416,-1.77305472616875,-0.166460308987767,0.235035240081521,0.84117875397597,"IBS"
"k__Bacteria;p__Firmicutes;c__Bacilli;o__Lactobacillales;f__Aerococcaceae;g__Abiotrophia;s__",35,-1.82360870602936,-1.80272297111971,0.0333444234805529,0.254974181119361,0.866912215805826,"IBS"
"k__Bacteria;p__Bacteroidetes;c__Bacteroidia;o__Bacteroidales;f__Bacteroidaceae;g__Bacteroides;s__ovatus",35,3.00323819272003,1.82145610443631,-0.414372213134785,0.254974181119361,0.866912215805826,"IBS"
"k__Bacteria;p__Firmicutes;c__Bacilli;o__Lactobacillales;f__Lactobacillaceae;g__Lactobacillus;__",35,-0.949021099269569,-1.45208051911267,-0.464299048940392,0.268903088693326,0.891971221031519,"IBS"
"k__Bacteria;p__Firmicutes;c__Clostridia;o__Clostridiales;f__Clostridiaceae;g__Clostridium;__",35,-1.74147168181907,-1.47698096614049,0.0333444234805529,0.276059963999256,0.893908454854735,"IBS"
"k__Bacteria;p__Firmicutes;c__Clostridia;o__Clostridiales;f__Ruminococcaceae;g__Faecalibacterium;__",35,-1.80419261151277,-1.64046783626816,0.126243740172104,0.290760516549939,0.919614656995157,"IBS"
"k__Bacteria;p__Proteobacteria;c__Gammaproteobacteria;o__Enterobacteriales;f__Enterobacteriaceae;g__Klebsiella;__",35,-1.69514319127416,-1.71770869721642,-0.210228496449109,0.305978679308073,0.924735564131065,"IBS"
"k__Bacteria;p__Firmicutes;c__Bacilli;o__Lactobacillales;f__Lactobacillaceae;g__Lactobacillus;s__mucosae",35,-1.85610191012082,-1.80899503099214,0.013866680918909,0.305978679308073,0.924735564131065,"IBS"
"k__Bacteria;p__Bacteroidetes;c__Bacteroidia;o__Bacteroidales;f__Prevotellaceae;g__Prevotella;s__copri",35,2.3844645625872,-0.94933934085745,-0.351307300892343,0.313782322155522,0.927704256807631,"IBS"
"k__Bacteria;p__Firmicutes;c__Clostridia;o__Clostridiales;f__Lachnospiraceae;g__[Ruminococcus];s__",35,-0.98607906611466,-0.112823081217679,0.16263273156624,0.329779056007473,0.954254289723753,"IBS"
"k__Bacteria;p__Firmicutes;c__Clostridia;o__Clostridiales;f__Ruminococcaceae;g__Ruminococcus;s__",35,2.54583914643766,2.53391943362747,-0.281687460431254,0.337972069030974,0.957454516686378,"IBS"
"k__Bacteria;p__Proteobacteria;c__Deltaproteobacteria;o__Desulfovibrionales;f__Desulfovibrionaceae;g__Desulfovibrio;s__",35,-1.42628047150585,-1.30423427398631,0.224609390128798,0.354746658847169,0.957454516686378,"IBS"
"k__Bacteria;p__Firmicutes;c__Bacilli;o__Gemellales;f__Gemellaceae;g__;s__",35,-1.61467093136179,-1.77305472616875,-0.262946592355671,0.354746658847169,0.957454516686378,"IBS"
"k__Bacteria;p__Proteobacteria;c__Gammaproteobacteria;o__Pseudomonadales;f__Pseudomonadaceae;g__Pseudomonas;s__viridiflava",35,-0.766838094143677,-0.94933934085745,-0.260239568729178,0.372037513766156,0.957454516686378,"IBS"
"k__Bacteria;p__Proteobacteria;c__Betaproteobacteria;o__Burkholderiales;f__Comamonadaceae;g__Hydrogenophaga;s__palleronii",35,-0.98607906611466,-1.47698096614049,-0.344409297613635,0.398934407373075,0.957454516686378,"IBS"
"k__Bacteria;p__Firmicutes;c__Clostridia;o__Clostridiales;f__Lachnospiraceae;g__Clostridium;s__colinum",35,-1.61467093136179,-1.64046783626816,-0.262946592355671,0.398934407373075,0.957454516686378,"IBS"
"k__Bacteria;p__Firmicutes;c__Clostridia;o__Clostridiales;f__Lachnospiraceae;g__;s__",35,3.64519570073175,3.4420520014785,-0.316465152908478,0.408153906068216,0.957454516686378,"IBS"
"k__Bacteria;p__Bacteroidetes;c__Bacteroidia;o__Bacteroidales;f__[Odoribacteraceae];g__Odoribacter;s__",35,-1.25827701380645,-1.51613454053305,-0.262946592355671,0.417499157220678,0.957454516686378,"IBS"
"k__Bacteria;p__Firmicutes;c__Clostridia;o__Clostridiales;f__Lachnospiraceae;g__[Ruminococcus];s__torques",35,-1.54604843863647,-1.51613454053305,0.320907402803076,0.426969335164909,0.957454516686378,"IBS"
"k__Bacteria;p__Firmicutes;c__Clostridia;o__Clostridiales;f__Peptostreptococcaceae;__;__",35,-1.61467093136179,-1.35742590255689,0.165644115000117,0.426969335164909,0.957454516686378,"IBS"
"k__Bacteria;p__Bacteroidetes;c__Bacteroidia;o__Bacteroidales;f__[Paraprevotellaceae];g__Paraprevotella;s__",35,-1.61467093136179,-1.64046783626816,-0.0459572601798612,0.426969335164909,0.957454516686378,"IBS"
"k__Bacteria;p__Actinobacteria;c__Actinobacteria;o__Bifidobacteriales;f__Bifidobacteriaceae;g__Bifidobacterium;s__breve",35,-1.54604843863647,-1.51613454053305,0.320907402803076,0.436563535730637,0.957454516686378,"IBS"
"k__Bacteria;p__Bacteroidetes;c__Bacteroidia;o__Bacteroidales;f__Porphyromonadaceae;g__Parabacteroides;s__",35,-0.943053689422105,-1.30423427398631,-0.0754584363682467,0.446280775936543,0.957454516686378,"IBS"
"k__Bacteria;p__Firmicutes;c__Clostridia;o__Clostridiales;f__Ruminococcaceae;g__Oscillospira;s__",35,3.04772308213368,2.38002713922188,-0.0842913246375785,0.456119993765019,0.957454516686378,"IBS"
"k__Bacteria;p__Actinobacteria;c__Actinobacteria;o__Bifidobacteriales;f__Bifidobacteriaceae;g__Bifidobacterium;s__longum",35,2.80652414199745,2.72422319290979,0.165644115000117,0.476159718264792,0.957454516686378,"IBS"
"k__Bacteria;p__Firmicutes;c__Clostridia;o__Clostridiales;f__Veillonellaceae;g__Veillonella;s__parvula",35,-1.42628047150585,-1.71770869721642,-0.210228496449109,0.496672629038514,0.957454516686378,"IBS"
"k__Bacteria;p__Firmicutes;c__Bacilli;o__Lactobacillales;f__Enterococcaceae;g__Enterococcus;s__",35,-1.61467093136179,-1.77305472616875,-0.260239568729178,0.507103033167524,0.957454516686378,"IBS"
"k__Bacteria;p__Proteobacteria;c__Deltaproteobacteria;o__Desulfovibrionales;f__Desulfovibrionaceae;g__Desulfovibrio;s__D168",35,-1.74147168181907,-1.80272297111971,-0.123461287377858,0.507103033167524,0.957454516686378,"IBS"
"k__Bacteria;p__Firmicutes;c__Clostridia;o__Clostridiales;f__Ruminococcaceae;g__Gemmiger;s__formicilis",35,3.18444122954852,2.97122071401773,0.320907402803076,0.507103033167524,0.957454516686378,"IBS"
"k__Bacteria;p__Proteobacteria;c__Deltaproteobacteria;o__Desulfovibrionales;f__Desulfovibrionaceae;g__Desulfovibrio;s__C21_c20",35,-1.69514319127416,-1.45208051911267,0.165644115000117,0.507103033167524,0.957454516686378,"IBS"
"k__Bacteria;p__Bacteroidetes;c__Bacteroidia;o__Bacteroidales;f__Bacteroidaceae;g__Bacteroides;s__caccae",35,-1.61467093136179,-1.71770869721642,-0.344409297613635,0.517647380972735,0.957454516686378,"IBS"
"k__Bacteria;p__Firmicutes;c__Clostridia;o__Clostridiales;f__Veillonellaceae;g__Megamonas;s__",35,-0.766838094143677,-1.30423427398631,-0.123461287377858,0.528304057942349,0.957454516686378,"IBS"
"k__Bacteria;p__Bacteroidetes;c__Bacteroidia;o__Bacteroidales;f__S24-7;g__;s__",35,-0.788797820066861,-0.94933934085745,-0.262946592355671,0.528304057942349,0.957454516686378,"IBS"
"k__Bacteria;p__Firmicutes;c__Clostridia;o__Clostridiales;f__Lachnospiraceae;g__Coprococcus;s__",35,1.41656189365862,2.53391943362747,0.165644115000117,0.528304057942349,0.957454516686378,"IBS"
"k__Bacteria;p__Firmicutes;c__Bacilli;o__Lactobacillales;f__Lactobacillaceae;g__Lactobacillus;s__helveticus",35,-1.61467093136179,-1.77305472616875,-0.0459572601798612,0.53907137178308,0.957454516686378,"IBS"
"k__Bacteria;p__Firmicutes;c__Clostridia;o__Clostridiales;f__Lachnospiraceae;g__Lachnospira;s__",35,2.66088599350813,1.91599569798345,-0.517799347044027,0.53907137178308,0.957454516686378,"IBS"
"k__Bacteria;p__Firmicutes;c__Clostridia;o__Clostridiales;f__Clostridiaceae;g__Clostridium;s__neonatale",35,-1.82360870602936,-1.84542500388749,-0.210228496449109,0.560930755391714,0.957454516686378,"IBS"
"k__Bacteria;p__Actinobacteria;c__Coriobacteriia;o__Coriobacteriales;f__Coriobacteriaceae;g__Eggerthella;s__lenta",35,-1.69514319127416,-1.47698096614049,0.0333444234805529,0.572019057068794,0.957454516686378,"IBS"
"k__Bacteria;p__Firmicutes;c__Clostridia;o__Clostridiales;f__Veillonellaceae;g__Megasphaera;s__",35,-0.98607906611466,-0.94933934085745,0.122349852544612,0.572019057068794,0.957454516686378,"IBS"
"k__Bacteria;p__Firmicutes;c__Bacilli;o__Lactobacillales;f__Lactobacillaceae;g__Lactobacillus;s__zeae",35,-1.85610191012082,-1.80899503099214,-0.123461287377858,0.583210460982233,0.957454516686378,"IBS"
"k__Bacteria;p__Bacteroidetes;c__Bacteroidia;o__Bacteroidales;f__Rikenellaceae;g__;s__",35,-0.949021099269569,-1.30423427398631,-0.123461287377858,0.583210460982233,0.957454516686378,"IBS"
"k__Bacteria;p__Proteobacteria;c__Gammaproteobacteria;o__Enterobacteriales;f__Enterobacteriaceae;__;__",35,5.33146790123245,5.42203043464826,-0.193257570589505,0.594502895974832,0.957454516686378,"IBS"
"k__Bacteria;p__Firmicutes;c__Clostridia;o__Clostridiales;f__Lachnospiraceae;g__Anaerostipes;s__",35,-1.30087385333146,-1.45208051911267,-0.210228496449109,0.605894217747234,0.957454516686378,"IBS"
"k__Bacteria;p__Bacteroidetes;c__Bacteroidia;o__Bacteroidales;f__[Odoribacteraceae];g__Butyricimonas;s__",35,-1.69514319127416,-1.77305472616875,-0.0459572601798612,0.605894217747234,0.957454516686378,"IBS"
"k__Bacteria;p__Proteobacteria;c__Gammaproteobacteria;o__Pseudomonadales;f__Moraxellaceae;g__Acinetobacter;s__rhizosphaerae",35,-1.69514319127416,-1.47698096614049,-0.0459572601798612,0.605894217747234,0.957454516686378,"IBS"
"k__Bacteria;p__Firmicutes;c__Clostridia;o__Clostridiales;f__Ruminococcaceae;__;__",35,3.19300225131162,2.78570882383464,-0.114313093152456,0.617382209940722,0.957454516686378,"IBS"
"k__Bacteria;p__Actinobacteria;c__Coriobacteriia;o__Coriobacteriales;f__Coriobacteriaceae;g__Atopobium;s__",35,-1.80419261151277,-1.80899503099214,-0.210228496449109,0.617382209940722,0.957454516686378,"IBS"
"k__Bacteria;p__Firmicutes;c__Clostridia;o__Clostridiales;f__Clostridiaceae;g__;s__",35,-0.98607906611466,-1.35742590255689,0.0444164914905651,0.640638986965107,0.957454516686378,"IBS"
"k__Bacteria;p__Firmicutes;c__Clostridia;o__Clostridiales;f__Lachnospiraceae;__;__",35,4.51698747424712,4.30570310853928,-0.0429714084667547,0.640638986965107,0.957454516686378,"IBS"
"k__Bacteria;p__Firmicutes;c__Clostridia;o__Clostridiales;f__Ruminococcaceae;g__Faecalibacterium;s__prausnitzii",35,4.46090159524674,4.37886645937227,0.0332603764763548,0.652402989741605,0.957454516686378,"IBS"
"k__Bacteria;p__Firmicutes;c__Clostridia;o__Clostridiales;f__Lachnospiraceae;g__Roseburia;__",35,3.56572705997672,3.89221119653409,0.320907402803076,0.652402989741605,0.957454516686378,"IBS"
"k__Bacteria;p__Cyanobacteria;c__Chloroplast;o__Streptophyta;f__;g__;s__",35,-1.42628047150585,-1.64046783626816,-0.262946592355671,0.664254101597727,0.957454516686378,"IBS"
"k__Bacteria;p__Proteobacteria;c__Gammaproteobacteria;o__Pseudomonadales;f__Pseudomonadaceae;g__Pseudomonas;__",35,-1.74147168181907,-1.71770869721642,-0.123461287377858,0.688207359197778,0.957454516686378,"IBS"
"k__Bacteria;p__Firmicutes;c__Clostridia;o__Clostridiales;f__Peptostreptococcaceae;g__;s__",35,-1.80419261151277,-1.71770869721642,-0.123461287377858,0.700304200519295,0.957454516686378,"IBS"
"k__Bacteria;p__Firmicutes;c__Erysipelotrichi;o__Erysipelotrichales;f__Erysipelotrichaceae;g__Catenibacterium;s__",35,-1.74147168181907,-1.80272297111971,-0.166460308987767,0.71247754549449,0.957454516686378,"IBS"
"k__Bacteria;p__Bacteroidetes;c__Bacteroidia;o__Bacteroidales;f__[Paraprevotellaceae];g__CF231;s__",35,-1.81498600288696,-1.80272297111971,-0.0459572601798612,0.71247754549449,0.957454516686378,"IBS"
"k__Bacteria;p__Firmicutes;c__Clostridia;o__Clostridiales;f__Veillonellaceae;g__Phascolarctobacterium;s__",35,1.64040565134566,2.0131468559223,0.268216324655279,0.724724591992979,0.957454516686378,"IBS"
"k__Bacteria;p__Actinobacteria;c__Actinobacteria;o__Actinomycetales;f__Micrococcaceae;g__Rothia;s__mucilaginosa",35,-0.496130599929995,-0.112823081217679,-0.344409297613635,0.724724591992979,0.957454516686378,"IBS"
"k__Bacteria;p__Firmicutes;c__Clostridia;o__Clostridiales;f__Lachnospiraceae;g__Blautia;s__obeum",35,-1.80419261151277,-1.64046783626816,0.013866680918909,0.724724591992979,0.957454516686378,"IBS"
"k__Bacteria;p__Actinobacteria;c__Actinobacteria;o__Bifidobacteriales;f__Bifidobacteriaceae;g__Bifidobacterium;s__",35,3.87012600212886,3.6140363249336,-0.0918054827180486,0.737042481261089,0.957454516686378,"IBS"
"k__Bacteria;p__Proteobacteria;c__Gammaproteobacteria;o__Pasteurellales;f__Pasteurellaceae;g__Haemophilus;s__parainfluenzae",35,-0.766838094143677,1.45041186211684,-0.414372213134785,0.737042481261089,0.957454516686378,"IBS"
"k__Bacteria;p__Firmicutes;c__Bacilli;o__Lactobacillales;f__Leuconostocaceae;g__Weissella;__",35,-1.69514319127416,-1.64046783626816,-0.166460308987767,0.749428299893902,0.957454516686378,"IBS"
"k__Bacteria;p__Firmicutes;c__Bacilli;o__Lactobacillales;__;__;__",35,-1.82360870602936,-1.64046783626816,0.013866680918909,0.749428299893902,0.957454516686378,"IBS"
"k__Bacteria;p__Proteobacteria;c__Gammaproteobacteria;o__Pasteurellales;f__Pasteurellaceae;__;__",35,-1.82360870602936,-1.77305472616875,-0.123461287377858,0.76187908187751,0.957454516686378,"IBS"
"k__Bacteria;p__Bacteroidetes;c__Bacteroidia;o__Bacteroidales;f__Prevotellaceae;g__Prevotella;s__",35,-1.85610191012082,-1.80899503099214,-0.0459572601798612,0.76187908187751,0.957454516686378,"IBS"
"k__Bacteria;p__Proteobacteria;c__Alphaproteobacteria;o__Sphingomonadales;f__Sphingomonadaceae;g__Sphingomonas;s__yabuuchiae",35,-1.25827701380645,-0.94933934085745,-0.0459572601798612,0.76187908187751,0.957454516686378,"IBS"
"k__Bacteria;p__Firmicutes;c__Clostridia;o__Clostridiales;f__Lachnospiraceae;g__Roseburia;s__",35,-0.943053689422105,-0.727087946351331,-0.0459572601798612,0.774391810699125,0.957454516686378,"IBS"
"k__Bacteria;p__Firmicutes;c__Clostridia;o__Clostridiales;f__Lachnospiraceae;g__Dorea;s__",35,2.91869229308903,2.85224794910532,0.14611104516973,0.774391810699125,0.957454516686378,"IBS"
"k__Bacteria;p__Firmicutes;c__Erysipelotrichi;o__Erysipelotrichales;f__Erysipelotrichaceae;g__Clostridium;s__ramosum",35,-1.42628047150585,-1.64046783626816,-0.0459572601798612,0.774391810699125,0.957454516686378,"IBS"
"k__Bacteria;p__Firmicutes;c__Clostridia;o__Clostridiales;f__;g__;s__",35,1.57788529436432,2.23024479781995,-0.521197893586273,0.774391810699125,0.957454516686378,"IBS"
"k__Bacteria;p__Firmicutes;c__Clostridia;o__Clostridiales;f__Veillonellaceae;g__Veillonella;__",35,-1.30087385333146,-1.35742590255689,-0.260239568729178,0.774391810699125,0.957454516686378,"IBS"
"k__Bacteria;p__Firmicutes;c__Bacilli;o__Lactobacillales;f__Carnobacteriaceae;g__Granulicatella;s__",35,-0.943053689422105,-0.727087946351331,-0.414372213134785,0.812270801703324,0.957454516686378,"IBS"
"k__Bacteria;p__Firmicutes;c__Clostridia;o__Clostridiales;f__Christensenellaceae;g__;s__",35,-1.54604843863647,-1.47698096614049,0.013866680918909,0.812270801703324,0.957454516686378,"IBS"
"k__Bacteria;p__Firmicutes;c__Erysipelotrichi;o__Erysipelotrichales;f__Erysipelotrichaceae;g__[Eubacterium];s__dolichum",35,-1.74147168181907,-1.71770869721642,-0.0459572601798612,0.82500022021369,0.957454516686378,"IBS"
"k__Bacteria;p__Firmicutes;c__Bacilli;o__Turicibacterales;f__Turicibacteraceae;g__Turicibacter;s__",35,-1.69514319127416,-1.64046783626816,-0.123461287377858,0.82500022021369,0.957454516686378,"IBS"
"k__Bacteria;p__Firmicutes;c__Erysipelotrichi;o__Erysipelotrichales;f__Erysipelotrichaceae;g__Holdemania;s__",35,-1.81498600288696,-1.77305472616875,-0.123461287377858,0.82500022021369,0.957454516686378,"IBS"
"k__Bacteria;p__Firmicutes;c__Clostridia;o__Clostridiales;f__Ruminococcaceae;g__Ruminococcus;__",35,-1.61467093136179,-1.64046783626816,-0.0459572601798612,0.83777582379774,0.957454516686378,"IBS"
"k__Bacteria;p__Firmicutes;c__Bacilli;o__Lactobacillales;f__Streptococcaceae;g__Streptococcus;s__",35,3.42514510935553,3.35906278266811,-0.282138254036816,0.83777582379774,0.957454516686378,"IBS"
"k__Bacteria;p__Firmicutes;c__Clostridia;o__Clostridiales;__;__;__",35,3.92259448451079,3.84898775735815,-0.0736067271526388,0.850594340735835,0.957454516686378,"IBS"
"k__Bacteria;p__Actinobacteria;c__Actinobacteria;o__Bifidobacteriales;f__Bifidobacteriaceae;__;__",35,-1.69514319127416,-1.53519450731775,-0.0116321640747645,0.850594340735835,0.957454516686378,"IBS"
"k__Bacteria;p__TM7;c__TM7-3;o__;f__;g__;s__",35,-1.69514319127416,-1.71770869721642,-0.210228496449109,0.850594340735835,0.957454516686378,"IBS"
"k__Bacteria;p__Firmicutes;c__Clostridia;o__Clostridiales;f__Lachnospiraceae;g__Clostridium;s__citroniae",35,-1.81498600288696,-1.80899503099214,0.013866680918909,0.850594340735835,0.957454516686378,"IBS"
"k__Bacteria;p__Proteobacteria;c__Alphaproteobacteria;o__Caulobacterales;f__Caulobacteraceae;g__Caulobacter;s__",35,-1.69514319127416,-1.64046783626816,-0.123461287377858,0.850594340735835,0.957454516686378,"IBS"
"k__Bacteria;p__Firmicutes;c__Clostridia;o__Clostridiales;f__Lachnospiraceae;g__Dorea;s__formicigenerans",35,2.54583914643766,2.72898001619886,-0.252037206617305,0.863452465258267,0.957454516686378,"IBS"
"k__Bacteria;p__Actinobacteria;c__Actinobacteria;o__Bifidobacteriales;f__Bifidobacteriaceae;g__Bifidobacterium;s__adolescentis",35,2.8087380378883,1.66038571175269,0.0551138552259793,0.876346860099868,0.957454516686378,"IBS"
"k__Bacteria;p__Firmicutes;c__Bacilli;o__Lactobacillales;f__Lactobacillaceae;g__Lactobacillus;s__salivarius",35,-1.81498600288696,-1.80899503099214,0.013866680918909,0.876346860099868,0.957454516686378,"IBS"
"k__Bacteria;__;__;__;__;__;__",35,-0.943053689422105,-0.94933934085745,0.0333444234805529,0.889274159096343,0.957454516686378,"IBS"
"k__Bacteria;p__Bacteroidetes;c__Bacteroidia;o__Bacteroidales;f__Porphyromonadaceae;g__Parabacteroides;s__distasonis",35,2.42386713020421,2.12413346831691,0.165644115000117,0.889274159096343,0.957454516686378,"IBS"
"k__Bacteria;p__Firmicutes;c__Clostridia;o__Clostridiales;f__Lachnospiraceae;g__Blautia;s__producta",35,-1.81498600288696,-1.53519450731775,-0.123461287377858,0.902230969818987,0.957454516686378,"IBS"
"k__Bacteria;p__Firmicutes;c__Bacilli;o__Gemellales;f__Gemellaceae;__;__",35,-1.82360870602936,-1.77305472616875,0.013866680918909,0.915213876244332,0.957454516686378,"IBS"
"k__Bacteria;p__Firmicutes;c__Clostridia;o__Clostridiales;f__Ruminococcaceae;g__Butyricicoccus;s__pullicaecorum",35,-1.81498600288696,-1.77305472616875,-0.123461287377858,0.915213876244332,0.957454516686378,"IBS"
"k__Bacteria;p__Bacteroidetes;c__Bacteroidia;o__Bacteroidales;f__Rikenellaceae;g__Alistipes;s__putredinis",35,-1.54604843863647,-1.51613454053305,-0.0459572601798612,0.915213876244332,0.957454516686378,"IBS"
"k__Bacteria;p__Actinobacteria;c__Actinobacteria;o__Bifidobacteriales;f__Bifidobacteriaceae;g__Bifidobacterium;s__bifidum",35,-1.69514319127416,-1.64046783626816,-0.123461287377858,0.915213876244332,0.957454516686378,"IBS"
"k__Bacteria;p__Firmicutes;c__Erysipelotrichi;o__Erysipelotrichales;f__Erysipelotrichaceae;g__Bulleidia;s__moorei",35,-1.85610191012082,-1.77305472616875,-0.166460308987767,0.941244210369829,0.969766762199218,"IBS"
"k__Bacteria;p__Firmicutes;c__Erysipelotrichi;o__Erysipelotrichales;f__Erysipelotrichaceae;g__[Eubacterium];s__biforme",35,-1.69514319127416,-1.77305472616875,0.0333444234805529,0.941244210369829,0.969766762199218,"IBS"
"k__Bacteria;p__Firmicutes;c__Clostridia;o__Clostridiales;f__Veillonellaceae;__;__",35,-1.80419261151277,-1.80272297111971,-0.123461287377858,0.967337464699107,0.989157106759989,"IBS"
"k__Bacteria;p__Firmicutes;c__Clostridia;o__Clostridiales;f__Clostridiaceae;g__Clostridium;s__",35,2.50331986870018,3.12150578162827,-0.124262060031333,0.993465740391516,1,"IBS"
"k__Bacteria;p__Bacteroidetes;c__Bacteroidia;o__Bacteroidales;f__Rikenellaceae;__;__",35,-1.80419261151277,-1.71770869721642,-0.0459572601798612,1,1,"IBS"
"k__Bacteria;p__Proteobacteria;c__Betaproteobacteria;o__Burkholderiales;f__Comamonadaceae;g__Hydrogenophaga;__",35,-1.81498600288696,-1.80272297111971,-0.166460308987767,1,1,"IBS"
"k__Bacteria;p__Actinobacteria;c__Actinobacteria;o__Bifidobacteriales;f__Bifidobacteriaceae;__;__",29,-1.27653916871609,-0.692628036752777,0.70663025959877,0.0128945622490895,0.471127024273944,"UC"
"k__Bacteria;p__Bacteroidetes;c__Bacteroidia;o__Bacteroidales;f__Bacteroidaceae;g__Bacteroides;s__fragilis",29,0.280797749182984,-1.2802668905678,-0.614441794778219,0.0206851431525508,0.471127024273944,"UC"
"k__Bacteria;p__Bacteroidetes;c__Bacteroidia;o__Bacteroidales;f__Bacteroidaceae;g__Bacteroides;s__uniformis",29,2.86403945139083,-0.844563607931343,-0.614441794778219,0.0219022201706537,0.471127024273944,"UC"
"k__Bacteria;p__Bacteroidetes;c__Bacteroidia;o__Bacteroidales;f__Bacteroidaceae;g__Bacteroides;s__caccae",29,-1.22597101753636,-1.53835579209604,-0.39233227390211,0.0219022201706537,0.471127024273944,"UC"
"k__Bacteria;p__Bacteroidetes;c__Bacteroidia;o__Bacteroidales;f__Bacteroidaceae;g__Bacteroides;__",29,0.813761793161842,-0.844563607931343,-1.15262103227155,0.0231811348686445,0.471127024273944,"UC"
"k__Bacteria;p__Actinobacteria;c__Actinobacteria;o__Bifidobacteriales;f__Bifidobacteriaceae;g__Bifidobacterium;s__",29,4.26655746814463,5.61886594549591,0.631466204735341,0.0259345968604445,0.471127024273944,"UC"
"k__Bacteria;p__Firmicutes;c__Bacilli;o__Lactobacillales;f__Lactobacillaceae;g__Lactobacillus;s__mucosae",29,-1.38537553613516,-1.27260195327969,0.26195804268692,0.0359537135054337,0.471127024273944,"UC"
"k__Bacteria;p__Firmicutes;c__Erysipelotrichi;o__Erysipelotrichales;f__Erysipelotrichaceae;g__Catenibacterium;s__",29,-1.61756207857308,-1.2802668905678,0.509196154596739,0.0379099253645911,0.471127024273944,"UC"
"k__Bacteria;p__Actinobacteria;c__Actinobacteria;o__Actinomycetales;f__Micrococcaceae;g__Rothia;s__mucilaginosa",29,2.30279169470936,-0.692628036752777,-0.801310923142259,0.0379099253645911,0.471127024273944,"UC"
"k__Bacteria;p__Firmicutes;c__Clostridia;o__Clostridiales;f__Lachnospiraceae;g__Clostridium;s__colinum",29,-1.48638665369216,-1.45355595504146,0.26195804268692,0.0399559406961387,0.471127024273944,"UC"
"k__Bacteria;p__Proteobacteria;c__Betaproteobacteria;o__Burkholderiales;f__Alcaligenaceae;g__Sutterella;s__",29,3.70554383232007,1.09303225695739,-0.480653653874927,0.0466642932561762,0.471127024273944,"UC"
"k__Bacteria;p__Firmicutes;c__Clostridia;o__Clostridiales;f__Ruminococcaceae;g__;s__",29,0.560534612920149,1.81516697439059,0.504491707385119,0.0570612037794072,0.471127024273944,"UC"
"k__Bacteria;p__Firmicutes;c__Clostridia;o__Clostridiales;f__Veillonellaceae;g__Phascolarctobacterium;s__",29,-1.26720126028146,-1.10836592397634,0.440109944872347,0.0570612037794072,0.471127024273944,"UC"
"k__Bacteria;p__Actinobacteria;c__Coriobacteriia;o__Coriobacteriales;f__Coriobacteriaceae;g__Collinsella;s__aerofaciens",29,-1.21707233159674,-0.763383133582049,0.26195804268692,0.0629428047254263,0.471127024273944,"UC"
"k__Bacteria;p__Firmicutes;c__Erysipelotrichi;o__Erysipelotrichales;f__Erysipelotrichaceae;g__Clostridium;s__ramosum",29,-1.29583111400433,-0.763383133582049,0.509196154596739,0.0660665167137393,0.471127024273944,"UC"
"k__Bacteria;p__Firmicutes;c__Clostridia;o__Clostridiales;f__Ruminococcaceae;g__Ruminococcus;s__bromii",29,-1.27653916871609,-0.763383133582049,0.474827966735433,0.0660665167137393,0.471127024273944,"UC"
"k__Bacteria;p__Actinobacteria;c__Actinobacteria;o__Bifidobacteriales;f__Bifidobacteriaceae;g__Bifidobacterium;s__bifidum",29,-1.43421429159695,-1.50733219162634,0.178918197942516,0.0660665167137393,0.471127024273944,"UC"
"k__Bacteria;p__Firmicutes;c__Clostridia;o__Clostridiales;f__Lachnospiraceae;g__Lachnospira;s__",29,2.49546381838893,-1.10836592397634,-0.56614558257262,0.0660665167137393,0.471127024273944,"UC"
"k__Bacteria;p__Firmicutes;c__Clostridia;o__Clostridiales;f__Lachnospiraceae;g__Blautia;s__producta",29,-1.27653916871609,-0.763383133582049,0.524444294843967,0.0726974142612455,0.471127024273944,"UC"
"k__Bacteria;p__Firmicutes;c__Clostridia;o__Clostridiales;f__Veillonellaceae;g__Megamonas;s__",29,-0.859202766208896,-0.692628036752777,0.457257959405708,0.0762117245149028,0.471127024273944,"UC"
"k__Bacteria;p__Firmicutes;c__Clostridia;o__Clostridiales;f__Ruminococcaceae;__;__",29,0.710837923644059,2.3076441606521,0.524444294843967,0.0762117245149028,0.471127024273944,"UC"
"k__Bacteria;p__Actinobacteria;c__Actinobacteria;o__Bifidobacteriales;f__Bifidobacteriaceae;g__Bifidobacterium;s__animalis",29,-1.605241286422,-1.27260195327969,0.178918197942516,0.0762117245149028,0.471127024273944,"UC"
"k__Bacteria;p__Firmicutes;c__Clostridia;o__Clostridiales;f__Clostridiaceae;g__;s__",29,-1.22597101753636,-1.50733219162634,-0.248628246931667,0.0836559895278504,0.494661503295116,"UC"
"k__Bacteria;p__Firmicutes;c__Clostridia;o__Clostridiales;f__Ruminococcaceae;g__Oscillospira;s__",29,2.41098648617162,2.15896454446538,-0.614466968287178,0.0916784272732711,0.498730644366595,"UC"
"k__Bacteria;p__Bacteroidetes;c__Bacteroidia;o__Bacteroidales;f__[Paraprevotellaceae];g__CF231;s__",29,-1.35021362952194,-1.6432949409911,-0.227445205496405,0.0916784272732711,0.498730644366595,"UC"
"k__Bacteria;p__Proteobacteria;c__Betaproteobacteria;o__Burkholderiales;f__Comamonadaceae;g__Hydrogenophaga;__",29,-1.605241286422,-1.52273517403006,0.178918197942516,0.1003077909542,0.524686906529663,"UC"
"k__Bacteria;p__TM7;c__TM7-3;o__;f__;g__;s__",29,-1.38537553613516,-1.10836592397634,0.542298844436311,0.104859011490775,0.528178724546124,"UC"
"k__Bacteria;p__Firmicutes;c__Bacilli;o__Lactobacillales;f__Leuconostocaceae;g__Weissella;__",29,-1.38537553613516,-1.2802668905678,0.26195804268692,0.114452237704458,0.555910868850224,"UC"
"k__Bacteria;p__Firmicutes;c__Bacilli;o__Lactobacillales;f__Lactobacillaceae;g__Lactobacillus;s__reuteri",29,-1.43421429159695,-1.27260195327969,0.110051953951368,0.130121209757529,0.610223604380135,"UC"
"k__Bacteria;p__Firmicutes;c__Bacilli;o__Lactobacillales;f__Aerococcaceae;g__Abiotrophia;s__",29,-1.43421429159695,-1.50733219162634,0.163195657330951,0.141459493143062,0.641283035581882,"UC"
"k__Bacteria;p__Firmicutes;c__Clostridia;o__Clostridiales;f__Clostridiaceae;g__SMB53;s__",29,-1.61756207857308,-1.50733219162634,0.110051953951368,0.147406160559365,0.646685091486246,"UC"
"k__Bacteria;p__Bacteroidetes;c__Bacteroidia;o__Bacteroidales;f__Rikenellaceae;__;__",29,-1.29583111400433,-1.61242461030126,-0.157118562104399,0.159870249540004,0.653991202947351,"UC"
"k__Bacteria;p__Firmicutes;c__Erysipelotrichi;o__Erysipelotrichales;f__Erysipelotrichaceae;g__;s__",29,1.6136345384462,2.84760943188619,0.524444294843967,0.166393708806611,0.653991202947351,"UC"
"k__Bacteria;p__Firmicutes;c__Clostridia;o__Clostridiales;f__Veillonellaceae;g__Veillonella;s__parvula",29,-1.29583111400433,-1.53835579209604,-0.157118562104399,0.166393708806611,0.653991202947351,"UC"
"k__Bacteria;__;__;__;__;__;__",29,-1.26720126028146,-0.455332394730443,0.724781636945766,0.17311531842724,0.653991202947351,"UC"
"k__Bacteria;p__Proteobacteria;c__Deltaproteobacteria;o__Desulfovibrionales;f__Desulfovibrionaceae;g__Bilophila;s__",29,-1.35021362952194,-1.53835579209604,-0.157118562104399,0.17311531842724,0.653991202947351,"UC"
"k__Bacteria;p__Firmicutes;c__Clostridia;o__Clostridiales;f__Lachnospiraceae;g__Blautia;s__obeum",29,-1.35021362952194,-1.27260195327969,0.187012995087497,0.180037859873664,0.661760782238333,"UC"
"k__Bacteria;p__Firmicutes;c__Bacilli;o__Lactobacillales;f__Lactobacillaceae;g__Lactobacillus;s__helveticus",29,-1.35021362952194,-1.45355595504146,0.110051953951368,0.194496319612348,0.696092091244193,"UC"
"k__Bacteria;p__Proteobacteria;c__Deltaproteobacteria;o__Desulfovibrionales;f__Desulfovibrionaceae;g__;s__",29,-1.22597101753636,-1.52273517403006,-0.0895282070447223,0.209789063927493,0.731572120362539,"UC"
"k__Bacteria;p__Firmicutes;c__Clostridia;o__Clostridiales;f__Lachnospiraceae;g__Roseburia;s__",29,-0.951186472374878,-1.17863167787128,-0.39233227390211,0.217753979525195,0.740363530385661,"UC"
"k__Bacteria;p__Firmicutes;c__Clostridia;o__Clostridiales;f__Lachnospiraceae;g__Dorea;s__longicatena",29,-1.27653916871609,-1.10836592397634,0.178918197942516,0.225934014199387,0.741140068437268,"UC"
"k__Bacteria;p__Proteobacteria;c__Gammaproteobacteria;o__Pasteurellales;f__Pasteurellaceae;g__Haemophilus;s__parainfluenzae",29,-1.21707233159674,0.961858613355811,0.555546175979606,0.234331051050019,0.741140068437268,"UC"
"k__Bacteria;p__Proteobacteria;c__Alphaproteobacteria;o__Sphingomonadales;f__Sphingomonadaceae;g__Sphingomonas;s__yabuuchiae",29,-1.26720126028146,-0.844563607931343,0.322681152226301,0.234331051050019,0.741140068437268,"UC"
"k__Bacteria;p__Firmicutes;c__Bacilli;o__Lactobacillales;f__Lactobacillaceae;g__Lactobacillus;__",29,-1.21707233159674,-1.2802668905678,-0.157118562104399,0.251782879113893,0.778237989988395,"UC"
"k__Bacteria;p__Firmicutes;c__Bacilli;o__Lactobacillales;f__Streptococcaceae;g__Streptococcus;__",29,-1.26720126028146,-1.17863167787128,-0.248628246931667,0.260840632464634,0.788318355893115,"UC"
"k__Bacteria;p__Verrucomicrobia;c__Verrucomicrobiae;o__Verrucomicrobiales;f__Verrucomicrobiaceae;g__Akkermansia;s__muciniphila",29,2.58491637741696,-0.818969905922296,-0.147863534309189,0.270121299607043,0.798619494490389,"UC"
"k__Bacteria;p__Firmicutes;c__Clostridia;o__Clostridiales;f__Veillonellaceae;g__Dialister;s__",29,2.71892833417325,2.16138525120545,-0.350882280154276,0.299310255206884,0.841815771905214,"UC"
"k__Bacteria;p__Bacteroidetes;c__Bacteroidia;o__Bacteroidales;f__Bacteroidaceae;g__Bacteroides;s__",29,4.73867350896697,4.23876263806397,-0.447764013480202,0.309491092612211,0.841815771905214,"UC"
"k__Bacteria;p__Firmicutes;c__Bacilli;o__Lactobacillales;f__Enterococcaceae;g__Enterococcus;s__",29,1.02119781459348,-1.2802668905678,0.0243330950628908,0.309491092612211,0.841815771905214,"UC"
"k__Bacteria;p__Proteobacteria;c__Deltaproteobacteria;o__Desulfovibrionales;f__Desulfovibrionaceae;g__Desulfovibrio;s__C21_c20",29,-1.26720126028146,-1.45355595504146,-0.102932954198472,0.309491092612211,0.841815771905214,"UC"
"k__Bacteria;p__Firmicutes;c__Clostridia;o__Clostridiales;f__Veillonellaceae;g__Megasphaera;s__",29,-1.26720126028146,-1.17863167787128,-0.274948568013395,0.319898125994469,0.853061669318585,"UC"
"k__Bacteria;p__Firmicutes;c__Clostridia;o__Clostridiales;f__Lachnospiraceae;g__Dorea;s__",29,3.09786838256416,2.28396286391814,-0.277670985498729,0.330531408238157,0.864466760007486,"UC"
"k__Bacteria;p__Firmicutes;c__Clostridia;o__Clostridiales;f__;g__;s__",29,0.378443721903996,-0.763383133582049,-0.0895282070447223,0.341390779564905,0.876021623034472,"UC"
"k__Bacteria;p__Firmicutes;c__Erysipelotrichi;o__Erysipelotrichales;f__Erysipelotrichaceae;g__Clostridium;s__spiroforme",29,-1.38537553613516,-1.61242461030126,-0.157118562104399,0.375320551300672,0.912899935889251,"UC"
"k__Bacteria;p__Actinobacteria;c__Actinobacteria;o__Bifidobacteriales;f__Bifidobacteriaceae;g__Bifidobacterium;s__longum",29,3.64174401997884,3.68942385227427,-0.181234557741892,0.387078282608515,0.912899935889251,"UC"
"k__Bacteria;p__Proteobacteria;c__Deltaproteobacteria;o__Desulfovibrionales;f__Desulfovibrionaceae;g__Desulfovibrio;s__",29,-1.03205505484565,-1.17863167787128,-0.227445205496405,0.411258108705695,0.912899935889251,"UC"
"k__Bacteria;p__Firmicutes;c__Clostridia;o__Clostridiales;f__Veillonellaceae;g__Veillonella;__",29,-1.29583111400433,-1.2802668905678,-0.227445205496405,0.423676936944752,0.912899935889251,"UC"
"k__Bacteria;p__Bacteroidetes;c__Bacteroidia;o__Bacteroidales;f__Porphyromonadaceae;g__Parabacteroides;s__",29,-1.35021362952194,-1.52273517403006,-0.0895282070447223,0.423676936944752,0.912899935889251,"UC"
"k__Bacteria;p__Firmicutes;c__Clostridia;o__Clostridiales;f__Lachnospiraceae;g__Coprococcus;s__eutactus",29,-1.43421429159695,-1.6432949409911,-0.0636757234185045,0.423676936944752,0.912899935889251,"UC"
"k__Bacteria;p__Bacteroidetes;c__[Saprospirae];o__[Saprospirales];f__Chitinophagaceae;g__;s__",29,-1.35021362952194,-1.61242461030126,-0.0895282070447223,0.423676936944752,0.912899935889251,"UC"
"k__Bacteria;p__Actinobacteria;c__Actinobacteria;o__Actinomycetales;f__Actinomycetaceae;g__Actinomyces;s__",29,2.62448721048115,3.31578291803902,0.287927598577329,0.423676936944752,0.912899935889251,"UC"
"k__Bacteria;p__Firmicutes;c__Clostridia;o__Clostridiales;f__Lachnospiraceae;g__Coprococcus;s__",29,2.82324470795274,3.00670039750208,-0.178554238335903,0.436312469358833,0.912899935889251,"UC"
"k__Bacteria;p__Bacteroidetes;c__Bacteroidia;o__Bacteroidales;f__Prevotellaceae;g__Prevotella;s__",29,-1.29583111400433,-1.45355595504146,-0.0313038882485661,0.436312469358833,0.912899935889251,"UC"
"k__Bacteria;p__Firmicutes;c__Bacilli;o__Gemellales;f__Gemellaceae;__;__",29,-1.48638665369216,-1.61242461030126,-0.0895282070447223,0.436312469358833,0.912899935889251,"UC"
"k__Bacteria;p__Proteobacteria;c__Deltaproteobacteria;o__Desulfovibrionales;f__Desulfovibrionaceae;g__Desulfovibrio;s__D168",29,-1.48638665369216,-1.52273517403006,0.0668854943259609,0.436312469358833,0.912899935889251,"UC"
"k__Bacteria;p__Cyanobacteria;c__Chloroplast;o__Streptophyta;f__;g__;s__",29,-1.605241286422,-1.45355595504146,0.0668854943259609,0.462224494903368,0.924448989806736,"UC"
"k__Bacteria;p__Firmicutes;c__Clostridia;o__Clostridiales;f__Lachnospiraceae;g__Clostridium;s__citroniae",29,-1.48638665369216,-1.52273517403006,0.0668854943259609,0.462224494903368,0.924448989806736,"UC"
"k__Bacteria;p__Firmicutes;c__Clostridia;o__Clostridiales;f__Lachnospiraceae;g__;s__",29,3.17712244727041,1.79069226349405,-0.487140067360777,0.462224494903368,0.924448989806736,"UC"
"k__Bacteria;p__Proteobacteria;c__Alphaproteobacteria;o__Caulobacterales;f__Caulobacteraceae;g__Caulobacter;s__",29,-1.38537553613516,-1.45355595504146,0.26195804268692,0.475495811536077,0.937209135781254,"UC"
"k__Bacteria;p__Bacteroidetes;c__Bacteroidia;o__Bacteroidales;f__Porphyromonadaceae;g__Parabacteroides;s__distasonis",29,1.56601208377476,2.16182339628421,0.26195804268692,0.502654307083789,0.947935979784426,"UC"
"k__Bacteria;p__Firmicutes;c__Bacilli;o__Turicibacterales;f__Turicibacteraceae;g__Turicibacter;s__",29,-1.35021362952194,-1.50733219162634,0.110051953951368,0.502654307083789,0.947935979784426,"UC"
"k__Bacteria;p__Proteobacteria;c__Gammaproteobacteria;o__Pseudomonadales;f__Moraxellaceae;g__Acinetobacter;s__rhizosphaerae",29,-1.27653916871609,-1.45355595504146,-0.157118562104399,0.502654307083789,0.947935979784426,"UC"
"k__Bacteria;p__Proteobacteria;c__Gammaproteobacteria;o__Pseudomonadales;f__Pseudomonadaceae;g__Pseudomonas;s__viridiflava",29,-0.859202766208896,2.31230959925103,0.555546175979606,0.516534867704981,0.947935979784426,"UC"
"k__Bacteria;p__Firmicutes;c__Clostridia;o__Clostridiales;f__Veillonellaceae;__;__",29,-1.61756207857308,-1.6432949409911,0.110051953951368,0.530611493590147,0.947935979784426,"UC"
"k__Bacteria;p__Proteobacteria;c__Gammaproteobacteria;o__Pseudomonadales;f__Pseudomonadaceae;g__Pseudomonas;__",29,-1.35021362952194,-1.53835579209604,-0.0167108675055576,0.544880281339637,0.947935979784426,"UC"
"k__Bacteria;p__Fusobacteria;c__Fusobacteriia;o__Fusobacteriales;f__Fusobacteriaceae;g__Fusobacterium;s__",29,-1.48638665369216,-1.6432949409911,-0.0167108675055576,0.559337093395305,0.947935979784426,"UC"
"k__Bacteria;p__Firmicutes;c__Erysipelotrichi;o__Erysipelotrichales;f__Erysipelotrichaceae;g__[Eubacterium];s__dolichum",29,-1.38537553613516,-1.45355595504146,0.110051953951368,0.559337093395305,0.947935979784426,"UC"
"k__Bacteria;p__Actinobacteria;c__Actinobacteria;o__Bifidobacteriales;f__Bifidobacteriaceae;g__Bifidobacterium;__",29,-1.03205505484565,-0.763383133582049,-0.0167108675055576,0.559337093395305,0.947935979784426,"UC"
"k__Bacteria;p__Firmicutes;c__Erysipelotrichi;o__Erysipelotrichales;f__Erysipelotrichaceae;g__[Eubacterium];s__biforme",29,-1.43421429159695,-1.45355595504146,0.0417787667598988,0.559337093395305,0.947935979784426,"UC"
"k__Bacteria;p__Bacteroidetes;c__Bacteroidia;o__Bacteroidales;f__Bacteroidaceae;g__Bacteroides;s__plebeius",29,-1.27653916871609,-1.17863167787128,0.0668854943259609,0.573977560740548,0.947935979784426,"UC"
"k__Bacteria;p__Proteobacteria;c__Gammaproteobacteria;o__Enterobacteriales;f__Enterobacteriaceae;__;__",29,4.95788481198759,4.91103274430987,0.247620767310363,0.588797086071483,0.947935979784426,"UC"
"k__Bacteria;p__Firmicutes;c__Clostridia;o__Clostridiales;f__Lachnospiraceae;g__[Ruminococcus];s__torques",29,-1.605241286422,-1.53835579209604,0.0417787667598988,0.588797086071483,0.947935979784426,"UC"
"k__Bacteria;p__Bacteroidetes;c__Bacteroidia;o__Bacteroidales;f__[Odoribacteraceae];g__Odoribacter;s__",29,-1.38537553613516,-1.53835579209604,-0.0167108675055576,0.588797086071483,0.947935979784426,"UC"
"k__Bacteria;p__Firmicutes;c__Clostridia;o__Clostridiales;f__Lachnospiraceae;g__Blautia;s__",29,3.88776278527787,3.72344084710845,0.050485850455634,0.603790847437897,0.947935979784426,"UC"
"k__Bacteria;p__Actinobacteria;c__Actinobacteria;o__Bifidobacteriales;f__Bifidobacteriaceae;g__Bifidobacterium;s__breve",29,-1.03205505484565,-1.0487659223512,0.163195657330951,0.603790847437897,0.947935979784426,"UC"
"k__Bacteria;p__Bacteroidetes;c__Bacteroidia;o__Bacteroidales;__;__;__",29,-1.43421429159695,-1.53835579209604,-0.0895282070447223,0.634280692355755,0.947935979784426,"UC"
"k__Bacteria;p__Bacteroidetes;c__Bacteroidia;o__Bacteroidales;f__Bacteroidaceae;g__Bacteroides;s__ovatus",29,1.05721286591949,-0.818969905922296,-0.0895282070447223,0.634280692355755,0.947935979784426,"UC"
"k__Bacteria;p__Proteobacteria;c__Gammaproteobacteria;o__Pasteurellales;f__Pasteurellaceae;__;__",29,-1.38537553613516,-1.45355595504146,0.0668854943259609,0.634280692355755,0.947935979784426,"UC"
"k__Bacteria;p__Firmicutes;c__Clostridia;o__Clostridiales;f__Lachnospiraceae;g__[Ruminococcus];s__",29,-1.19073868352307,-0.763383133582049,0.0668854943259609,0.634280692355755,0.947935979784426,"UC"
"k__Bacteria;p__Firmicutes;c__Clostridia;o__Clostridiales;f__Ruminococcaceae;g__Ruminococcus;__",29,-1.35021362952194,-1.50733219162634,0.0668854943259609,0.634280692355755,0.947935979784426,"UC"
"k__Bacteria;p__Bacteroidetes;c__Bacteroidia;o__Bacteroidales;f__Prevotellaceae;g__Prevotella;s__stercorea",29,-1.605241286422,-1.61242461030126,0.0668854943259609,0.634280692355755,0.947935979784426,"UC"
"k__Bacteria;p__Firmicutes;c__Clostridia;o__Clostridiales;f__[Mogibacteriaceae];g__;s__",29,-1.26720126028146,-1.17863167787128,-0.0167108675055576,0.66540419460104,0.95257863648149,"UC"
"k__Bacteria;p__Actinobacteria;c__Coriobacteriia;o__Coriobacteriales;f__Coriobacteriaceae;g__Eggerthella;s__lenta",29,-1.29583111400433,-0.818969905922296,-0.157118562104399,0.66540419460104,0.95257863648149,"UC"
"k__Bacteria;p__Firmicutes;c__Bacilli;o__Gemellales;f__Gemellaceae;g__;s__",29,-1.38537553613516,-1.2802668905678,0.110051953951368,0.66540419460104,0.95257863648149,"UC"
"k__Bacteria;p__Firmicutes;c__Clostridia;o__Clostridiales;f__Lachnospiraceae;g__Dorea;s__formicigenerans",29,2.37226348382962,-0.763383133582049,-0.0895282070447223,0.66540419460104,0.95257863648149,"UC"
"k__Bacteria;p__Proteobacteria;c__Alphaproteobacteria;o__Caulobacterales;f__Caulobacteraceae;g__;s__",29,-1.35021362952194,-1.45355595504146,0.0668854943259609,0.681189257597514,0.95765316210597,"UC"
"k__Bacteria;p__Bacteroidetes;c__Bacteroidia;o__Bacteroidales;f__S24-7;g__;s__",29,-1.19073868352307,-0.844563607931343,-0.0895282070447223,0.697115169474199,0.95765316210597,"UC"
"k__Bacteria;p__Firmicutes;c__Bacilli;o__Lactobacillales;f__Lactobacillaceae;g__Lactobacillus;s__",29,2.83967914468523,2.44294454267283,0.152268863915314,0.697115169474199,0.95765316210597,"UC"
"k__Bacteria;p__Proteobacteria;c__Gammaproteobacteria;o__Enterobacteriales;f__Enterobacteriaceae;g__Klebsiella;__",29,-1.38537553613516,-1.52273517403006,0.0417787667598988,0.697115169474199,0.95765316210597,"UC"
"k__Bacteria;p__Actinobacteria;c__Actinobacteria;o__Bifidobacteriales;f__Bifidobacteriaceae;g__Bifidobacterium;s__adolescentis",29,3.30355842824403,2.214490151557,-0.0167108675055576,0.713175676255546,0.965826109897588,"UC"
"k__Bacteria;p__Firmicutes;c__Clostridia;o__Clostridiales;f__Veillonellaceae;g__Veillonella;s__dispar",29,2.31549243893992,-0.692628036752777,0.0235804426783686,0.729364344751151,0.965826109897588,"UC"
"k__Bacteria;p__Proteobacteria;c__Betaproteobacteria;o__Burkholderiales;f__Comamonadaceae;g__Hydrogenophaga;s__palleronii",29,-1.27653916871609,-1.27260195327969,0.0668854943259609,0.729364344751151,0.965826109897588,"UC"
"k__Bacteria;p__Firmicutes;c__Clostridia;o__Clostridiales;f__Ruminococcaceae;g__Faecalibacterium;__",29,-1.29583111400433,-1.50733219162634,-0.0895282070447223,0.74567457014152,0.965826109897588,"UC"
"k__Bacteria;p__Firmicutes;c__Bacilli;o__Lactobacillales;f__Lactobacillaceae;g__Lactobacillus;s__salivarius",29,-1.48638665369216,-1.52273517403006,0.0417787667598988,0.74567457014152,0.965826109897588,"UC"
"k__Bacteria;p__Firmicutes;c__Clostridia;o__Clostridiales;f__Peptostreptococcaceae;g__;s__",29,-1.43421429159695,-1.6432949409911,-0.0167108675055576,0.74567457014152,0.965826109897588,"UC"
"k__Bacteria;p__Firmicutes;c__Clostridia;o__Clostridiales;f__Clostridiaceae;g__Clostridium;s__",29,-0.951186472374878,-0.818969905922296,-0.0167108675055576,0.762099583946506,0.97768443773058,"UC"
"k__Bacteria;p__Firmicutes;c__Erysipelotrichi;o__Erysipelotrichales;f__Erysipelotrichaceae;g__Bulleidia;s__moorei",29,-1.43421429159695,-1.52273517403006,0.0668854943259609,0.778632462360678,0.97768443773058,"UC"
"k__Bacteria;p__Firmicutes;c__Clostridia;o__Clostridiales;f__Veillonellaceae;g__Veillonella;s__",29,-1.43421429159695,-1.61242461030126,-0.0895282070447223,0.795266134938758,0.97768443773058,"UC"
"k__Bacteria;p__Firmicutes;c__Clostridia;o__Clostridiales;f__Lachnospiraceae;g__[Ruminococcus];s__gnavus",29,3.48929734606509,3.5738846063269,0.205207802126245,0.811993393613123,0.97768443773058,"UC"
"k__Bacteria;p__Proteobacteria;c__Alphaproteobacteria;o__Caulobacterales;f__Caulobacteraceae;g__Brevundimonas;__",29,-1.26720126028146,-1.27260195327969,-0.157118562104399,0.811993393613123,0.97768443773058,"UC"
"k__Bacteria;p__Firmicutes;c__Clostridia;o__Clostridiales;f__Peptostreptococcaceae;__;__",29,-1.35021362952194,-1.52273517403006,-0.157118562104399,0.811993393613123,0.97768443773058,"UC"
"k__Bacteria;p__Firmicutes;c__Clostridia;o__Clostridiales;__;__;__",29,3.16893117444575,3.39799254107879,-0.00817397145306042,0.828806902024348,0.97768443773058,"UC"
"k__Bacteria;p__Firmicutes;c__Bacilli;o__Lactobacillales;f__Streptococcaceae;g__Streptococcus;s__",29,3.17399207803697,3.43810942399337,0.112460139289552,0.845699205144763,0.97768443773058,"UC"
"k__Bacteria;p__Bacteroidetes;c__Bacteroidia;o__Bacteroidales;f__Rikenellaceae;g__;s__",29,-1.35021362952194,-1.52273517403006,-0.0167108675055576,0.845699205144763,0.97768443773058,"UC"
"k__Bacteria;p__Bacteroidetes;c__Bacteroidia;o__Bacteroidales;f__[Odoribacteraceae];g__Butyricimonas;s__",29,-1.48638665369216,-1.61242461030126,0.0417787667598988,0.845699205144763,0.97768443773058,"UC"
"k__Bacteria;p__Firmicutes;c__Clostridia;o__Clostridiales;f__Christensenellaceae;g__;s__",29,-1.43421429159695,-1.53835579209604,0.0417787667598988,0.845699205144763,0.97768443773058,"UC"
"k__Bacteria;p__Firmicutes;c__Clostridia;o__Clostridiales;f__Ruminococcaceae;g__Ruminococcus;s__",29,2.48760104916795,2.17456993898225,-0.0313264853556439,0.862662739174041,0.97768443773058,"UC"
"k__Bacteria;p__Firmicutes;c__Clostridia;o__Clostridiales;f__Lachnospiraceae;g__Roseburia;__",29,3.57143525127468,3.33485362627346,-0.0167108675055576,0.862662739174041,0.97768443773058,"UC"
"k__Bacteria;p__Firmicutes;c__Clostridia;o__Clostridiales;f__Ruminococcaceae;g__Butyricicoccus;s__pullicaecorum",29,-1.29583111400433,-1.52273517403006,0.0417787667598988,0.862662739174041,0.97768443773058,"UC"
"k__Bacteria;p__Bacteroidetes;c__Bacteroidia;o__Bacteroidales;f__Rikenellaceae;g__Alistipes;s__putredinis",29,-1.38537553613516,-1.52273517403006,0.0668854943259609,0.862662739174041,0.97768443773058,"UC"
"k__Bacteria;p__Firmicutes;c__Clostridia;o__Clostridiales;f__Ruminococcaceae;g__Faecalibacterium;s__prausnitzii",29,4.34444508732875,4.46462536042536,-0.192281808097884,0.879689841684979,0.980637856304567,"UC"
"k__Bacteria;p__Firmicutes;c__Erysipelotrichi;o__Erysipelotrichales;f__Erysipelotrichaceae;g__Holdemania;s__",29,-1.48638665369216,-1.52273517403006,0.0417787667598988,0.879689841684979,0.980637856304567,"UC"
"k__Bacteria;p__Firmicutes;c__Bacilli;o__Lactobacillales;__;__;__",29,-1.43421429159695,-1.52273517403006,0.0417787667598988,0.896772761996841,0.991553623020897,"UC"
"k__Bacteria;p__Firmicutes;c__Clostridia;o__Clostridiales;f__Lachnospiraceae;__;__",29,4.16277622711551,3.95478708341322,0.0226107995184393,0.913903671752854,1,"UC"
"k__Bacteria;p__Firmicutes;c__Bacilli;o__Lactobacillales;f__Lactobacillaceae;g__Lactobacillus;s__zeae",29,-1.48638665369216,-1.53835579209604,0.0417787667598988,0.931074675677839,1,"UC"
"k__Bacteria;p__Firmicutes;c__Bacilli;o__Lactobacillales;f__Carnobacteriaceae;g__Granulicatella;s__",29,-0.951186472374878,-0.763383133582049,0.0820701125185823,0.948277822491336,1,"UC"
"k__Bacteria;p__Bacteroidetes;c__Bacteroidia;o__Bacteroidales;f__Prevotellaceae;g__Prevotella;s__copri",29,-1.29583111400433,-1.27260195327969,0.0417787667598988,0.948277822491336,1,"UC"
"k__Bacteria;p__Firmicutes;c__Clostridia;o__Clostridiales;f__Ruminococcaceae;g__Ruminococcus;s__callidus",29,-1.48638665369216,-1.53835579209604,-0.0167108675055576,0.948277822491336,1,"UC"
"k__Bacteria;p__Firmicutes;c__Clostridia;o__Clostridiales;f__Ruminococcaceae;g__Gemmiger;s__formicilis",29,-0.951186472374878,-0.818969905922296,-0.0167108675055576,0.965505115951086,1,"UC"
"k__Bacteria;p__Firmicutes;c__Clostridia;o__Clostridiales;f__Clostridiaceae;g__Clostridium;__",29,-1.35021362952194,-1.52273517403006,0.0668854943259609,0.965505115951086,1,"UC"
"k__Bacteria;p__Actinobacteria;c__Coriobacteriia;o__Coriobacteriales;f__Coriobacteriaceae;g__;s__",29,-1.27653916871609,-1.27260195327969,-0.0167108675055576,0.982748526001329,1,"UC"
"k__Bacteria;p__Firmicutes;c__Clostridia;o__Clostridiales;f__Clostridiaceae;g__Clostridium;s__neonatale",29,-1.48638665369216,-1.61242461030126,0.0668854943259609,0.982748526001329,1,"UC"
"k__Bacteria;p__Firmicutes;c__Clostridia;o__Clostridiales;f__Lachnospiraceae;g__Anaerostipes;s__",29,-1.26720126028146,-1.27260195327969,-0.0895282070447223,1,1,"UC"
"k__Bacteria;p__Actinobacteria;c__Coriobacteriia;o__Coriobacteriales;f__Coriobacteriaceae;g__Atopobium;s__",29,-1.27653916871609,-1.2802668905678,0.0668854943259609,1,1,"UC"
"k__Bacteria;p__Bacteroidetes;c__Bacteroidia;o__Bacteroidales;f__[Paraprevotellaceae];g__Paraprevotella;s__",29,-1.48638665369216,-1.6432949409911,0.0417787667598988,1,1,"UC"
"k__Bacteria;p__Firmicutes;c__Clostridia;o__Clostridiales;f__Lachnospiraceae;g__Coprococcus;s__catus",29,-1.27653916871609,-1.45355595504146,-0.0167108675055576,1,1,"UC"
