"feature","Estimate_group","pvalue","fdr","sign_group","method","vs","fold_change","log2FC"
"k__Bacteria;__;__;__;__;__;__","Group",0.227964368271808,0.804580123312264,"UC_after","Wilcoxon rank sum exact test","UC_before vs UC_after",0.811881188118812,-0.300659478133711
"k__Bacteria;p__Firmicutes;c__Clostridia;o__Clostridiales;f__Veillonellaceae;g__Megamonas;s__","Group",0.626271357199145,0.958903431814005,"UC_after","Wilcoxon rank sum exact test","UC_before vs UC_after",0.594119342750072,-0.751175335747126
"k__Bacteria;p__Firmicutes;c__Clostridia;o__Clostridiales;f__Ruminococcaceae;g__;s__","Group",0.166326650406403,0.800131698431833,"UC_after","Wilcoxon rank sum exact test","UC_before vs UC_after",0.771726535341831,-0.373838382107693
"k__Bacteria;p__Firmicutes;c__Clostridia;o__Clostridiales;f__Lachnospiraceae;__;__","Group",0.538923543732436,0.947408140089187,"UC_before","Wilcoxon rank sum exact test","UC_before vs UC_after",1.0269837029121,0.0384132878737888
"k__Bacteria;p__Bacteroidetes;c__Bacteroidia;o__Bacteroidales;f__Bacteroidaceae;g__Bacteroides;s__","Group",0.0497983192984157,0.548791006878529,"UC_before","Wilcoxon rank sum exact test","UC_before vs UC_after",1.23474834773767,0.304217038194177
"k__Bacteria;p__Firmicutes;c__Erysipelotrichi;o__Erysipelotrichales;f__Erysipelotrichaceae;g__[Eubacterium];s__dolichum","Group",0.777920872182195,0.972401090227743,"UC_before","Wilcoxon rank sum exact test","UC_before vs UC_after",1.78034682080925,0.832158313058177
"k__Bacteria;p__Firmicutes;c__Clostridia;o__Clostridiales;f__[Mogibacteriaceae];g__;s__","Group",0.87947538875908,0.990641952146713,"UC_after","Wilcoxon rank sum exact test","UC_before vs UC_after",0.613756613756614,-0.704261429093501
"k__Bacteria;p__Firmicutes;c__Erysipelotrichi;o__Erysipelotrichales;f__Erysipelotrichaceae;g__Clostridium;s__ramosum","Group",0.249672953687232,0.825953336617313,"UC_after","Wilcoxon rank sum exact test","UC_before vs UC_after",0.806737588652482,-0.309828617312735
"k__Bacteria;p__Firmicutes;c__Clostridia;o__Clostridiales;f__Ruminococcaceae;g__Faecalibacterium;s__prausnitzii","Group",0.765567388004175,0.972401090227743,"UC_after","Wilcoxon rank sum exact test","UC_before vs UC_after",0.854226186328479,-0.227309970371165
"k__Bacteria;p__Firmicutes;c__Clostridia;o__Clostridiales;__;__;__","Group",0.807259826401596,0.985235419321723,"UC_after","Wilcoxon rank sum exact test","UC_before vs UC_after",0.802723059096176,-0.317025753697538
"k__Bacteria;p__Firmicutes;c__Bacilli;o__Lactobacillales;f__Leuconostocaceae;g__Weissella;__","Group",0.177301684267867,0.804580123312264,"UC_after","Wilcoxon rank sum exact test","UC_before vs UC_after",0.483636363636364,-1.04800537291083
"k__Bacteria;p__Firmicutes;c__Clostridia;o__Clostridiales;f__Lachnospiraceae;g__[Ruminococcus];s__gnavus","Group",0.648572898433948,0.958903431814005,"UC_before","Wilcoxon rank sum exact test","UC_before vs UC_after",1.36385688295937,0.44769226234035
"k__Bacteria;p__Firmicutes;c__Bacilli;o__Lactobacillales;f__Streptococcaceae;g__Streptococcus;s__","Group",0.622290909130797,0.958903431814005,"UC_before","Wilcoxon rank sum exact test","UC_before vs UC_after",1.48314606741573,0.568660688392056
"k__Bacteria;p__Firmicutes;c__Clostridia;o__Clostridiales;f__;g__;s__","Group",0.351144332309548,0.877860830773869,"UC_before","Wilcoxon rank sum exact test","UC_before vs UC_after",1.4014598540146,0.48693041776063
"k__Bacteria;p__Bacteroidetes;c__Bacteroidia;o__Bacteroidales;f__Porphyromonadaceae;g__Parabacteroides;s__distasonis","Group",0.990308430076931,1,"UC_before","Wilcoxon rank sum exact test","UC_before vs UC_after",1.51679586563308,0.601026936965642
"k__Bacteria;p__Bacteroidetes;c__Bacteroidia;o__Bacteroidales;f__S24-7;g__;s__","Group",0.821221881471056,0.985235419321723,"UC_before","Wilcoxon rank sum exact test","UC_before vs UC_after",1.65079365079365,0.723159794641176
"k__Bacteria;p__Actinobacteria;c__Actinobacteria;o__Bifidobacteriales;f__Bifidobacteriaceae;__;__","Group",0.067892542969977,0.67892542969977,"UC_after","Wilcoxon rank sum exact test","UC_before vs UC_after",0.0457516339869281,-4.45003292063505
"k__Bacteria;p__Firmicutes;c__Clostridia;o__Clostridiales;f__Veillonellaceae;g__Phascolarctobacterium;s__","Group",0.458639129851418,0.947408140089187,"UC_after","Wilcoxon rank sum exact test","UC_before vs UC_after",0.5,-1
"k__Bacteria;p__Firmicutes;c__Clostridia;o__Clostridiales;f__Ruminococcaceae;g__Gemmiger;s__formicilis","Group",0.837450106423465,0.985235419321723,"UC_before","Wilcoxon rank sum exact test","UC_before vs UC_after",1.07465181058496,0.10386929933869
"k__Bacteria;p__Proteobacteria;c__Gammaproteobacteria;o__Pasteurellales;f__Pasteurellaceae;__;__","Group",0.655250678406237,0.958903431814005,"UC_after","Wilcoxon rank sum exact test","UC_before vs UC_after",0.994535519125683,-0.00790519808534636
"k__Bacteria;p__Firmicutes;c__Erysipelotrichi;o__Erysipelotrichales;f__Erysipelotrichaceae;g__Catenibacterium;s__","Group",0.209814719423926,0.804580123312264,"UC_after","Wilcoxon rank sum exact test","UC_before vs UC_after",0.332179930795848,-1.58996318177952
"k__Bacteria;p__Firmicutes;c__Erysipelotrichi;o__Erysipelotrichales;f__Erysipelotrichaceae;g__;s__","Group",0.555230120347761,0.947408140089187,"UC_after","Wilcoxon rank sum exact test","UC_before vs UC_after",0.609853068280035,-0.713466398437332
"k__Bacteria;p__Firmicutes;c__Erysipelotrichi;o__Erysipelotrichales;f__Erysipelotrichaceae;g__Clostridium;s__spiroforme","Group",0.331091450753814,0.877860830773869,"UC_before","Wilcoxon rank sum exact test","UC_before vs UC_after",1.98173515981735,0.986764172843306
"k__Bacteria;p__Actinobacteria;c__Coriobacteriia;o__Coriobacteriales;f__Coriobacteriaceae;g__;s__","Group",0.95311358597517,1,"UC_before","Wilcoxon rank sum exact test","UC_before vs UC_after",1.07674418604651,0.106675533670776
"k__Bacteria;p__Bacteroidetes;c__Bacteroidia;o__Bacteroidales;__;__;__","Group",0.416003129607896,0.947408140089187,"UC_before","Wilcoxon rank sum exact test","UC_before vs UC_after",2.875,1.52356195605701
"k__Bacteria;p__Proteobacteria;c__Gammaproteobacteria;o__Enterobacteriales;f__Enterobacteriaceae;__;__","Group",0.996926498233881,1,"UC_after","Wilcoxon rank sum exact test","UC_before vs UC_after",0.717910113731155,-0.478124872833736
"k__Bacteria;p__Actinobacteria;c__Actinobacteria;o__Actinomycetales;f__Actinomycetaceae;g__Actinomyces;s__","Group",0.46992954803026,0.947408140089187,"UC_after","Wilcoxon rank sum exact test","UC_before vs UC_after",0.816844082654978,-0.291867368593781
"k__Bacteria;p__Actinobacteria;c__Actinobacteria;o__Actinomycetales;f__Micrococcaceae;g__Rothia;s__mucilaginosa","Group",0.0237911848920322,0.456562464703365,"UC_before","Wilcoxon rank sum exact test","UC_before vs UC_after",2.26017441860465,1.17643411031587
"k__Bacteria;p__Actinobacteria;c__Actinobacteria;o__Bifidobacteriales;f__Bifidobacteriaceae;g__Bifidobacterium;s__","Group",0.00814551958683988,0.456562464703365,"UC_after","Wilcoxon rank sum exact test","UC_before vs UC_after",0.30387493156518,-1.71845043153862
"k__Bacteria;p__Firmicutes;c__Clostridia;o__Clostridiales;f__Lachnospiraceae;g__Coprococcus;s__","Group",0.816044464082282,0.985235419321723,"UC_before","Wilcoxon rank sum exact test","UC_before vs UC_after",1.08456425406204,0.117115526749854
"k__Bacteria;p__Firmicutes;c__Clostridia;o__Clostridiales;f__Ruminococcaceae;g__Ruminococcus;s__","Group",0.953502370898045,1,"UC_after","Wilcoxon rank sum exact test","UC_before vs UC_after",0.964,-0.0528949484321255
"k__Bacteria;p__Firmicutes;c__Clostridia;o__Clostridiales;f__Lachnospiraceae;g__Blautia;s__","Group",0.777409586343173,0.972401090227743,"UC_after","Wilcoxon rank sum exact test","UC_before vs UC_after",0.889736325996949,-0.168550239187121
"k__Bacteria;p__Firmicutes;c__Clostridia;o__Clostridiales;f__Ruminococcaceae;__;__","Group",0.275317778872438,0.825953336617313,"UC_after","Wilcoxon rank sum exact test","UC_before vs UC_after",0.845602294455067,-0.241948803556483
"k__Bacteria;p__Firmicutes;c__Clostridia;o__Clostridiales;f__Clostridiaceae;g__Clostridium;s__","Group",0.741865257662117,0.972401090227743,"UC_before","Wilcoxon rank sum exact test","UC_before vs UC_after",1.36014851485149,0.443764188197436
"k__Bacteria;p__Firmicutes;c__Clostridia;o__Clostridiales;f__Ruminococcaceae;g__Oscillospira;s__","Group",0.0874588139483026,0.712227047743479,"UC_before","Wilcoxon rank sum exact test","UC_before vs UC_after",1.58741648106904,0.666680689196806
"k__Bacteria;p__Firmicutes;c__Clostridia;o__Clostridiales;f__Veillonellaceae;g__Dialister;s__","Group",0.268193109653799,0.825953336617313,"UC_before","Wilcoxon rank sum exact test","UC_before vs UC_after",1.93469514082327,0.952106251913463
"k__Bacteria;p__Actinobacteria;c__Coriobacteriia;o__Coriobacteriales;f__Coriobacteriaceae;g__Eggerthella;s__lenta","Group",0.496181257095122,0.947408140089187,"UC_before","Wilcoxon rank sum exact test","UC_before vs UC_after",1.44985673352436,0.535910348484658
"k__Bacteria;p__Firmicutes;c__Bacilli;o__Lactobacillales;f__Lactobacillaceae;g__Lactobacillus;__","Group",0.315060674224431,0.877860830773869,"UC_before","Wilcoxon rank sum exact test","UC_before vs UC_after",3.63510638297872,1.86199758586427
"k__Bacteria;p__Firmicutes;c__Clostridia;o__Clostridiales;f__Lachnospiraceae;g__Anaerostipes;s__","Group",0.887868073143879,0.990641952146713,"UC_before","Wilcoxon rank sum exact test","UC_before vs UC_after",1.14976958525346,0.201344772892781
"k__Bacteria;p__Firmicutes;c__Bacilli;o__Lactobacillales;f__Lactobacillaceae;g__Lactobacillus;s__","Group",0.947450487118908,1,"UC_before","Wilcoxon rank sum exact test","UC_before vs UC_after",2.34882729211087,1.23194063673223
"k__Bacteria;p__Firmicutes;c__Bacilli;o__Lactobacillales;f__Lactobacillaceae;g__Lactobacillus;s__helveticus","Group",0.588604424845854,0.95427275402025,"UC_before","Wilcoxon rank sum exact test","UC_before vs UC_after",1.86982667138309,0.902904541810395
"k__Bacteria;p__Firmicutes;c__Bacilli;o__Lactobacillales;f__Carnobacteriaceae;g__Granulicatella;s__","Group",0.65045830588998,0.958903431814005,"UC_before","Wilcoxon rank sum exact test","UC_before vs UC_after",1.72916666666667,0.790076930625769
"k__Bacteria;p__Firmicutes;c__Bacilli;o__Lactobacillales;__;__;__","Group",0.916343805735709,0.990641952146713,"UC_before","Wilcoxon rank sum exact test","UC_before vs UC_after",1.50769230769231,0.592342031086754
"k__Bacteria;p__Firmicutes;c__Bacilli;o__Lactobacillales;f__Enterococcaceae;g__Enterococcus;s__","Group",0.189324438057559,0.804580123312264,"UC_before","Wilcoxon rank sum exact test","UC_before vs UC_after",17.3032258064516,4.11296911663024
"k__Bacteria;p__Firmicutes;c__Bacilli;o__Turicibacterales;f__Turicibacteraceae;g__Turicibacter;s__","Group",0.992492392822436,1,"UC_after","Wilcoxon rank sum exact test","UC_before vs UC_after",0.331941544885177,-1.59099889045183
"k__Bacteria;p__Firmicutes;c__Erysipelotrichi;o__Erysipelotrichales;f__Erysipelotrichaceae;g__Bulleidia;s__moorei","Group",0.851557280852216,0.990641952146713,"UC_before","Wilcoxon rank sum exact test","UC_before vs UC_after",1.13157894736842,0.178337241258513
"k__Bacteria;p__Bacteroidetes;c__Bacteroidia;o__Bacteroidales;f__Prevotellaceae;g__Prevotella;s__copri","Group",0.527999494024207,0.947408140089187,"UC_before","Wilcoxon rank sum exact test","UC_before vs UC_after",1.66310160427807,0.733876310242966
"k__Bacteria;p__Verrucomicrobia;c__Verrucomicrobiae;o__Verrucomicrobiales;f__Verrucomicrobiaceae;g__Akkermansia;s__muciniphila","Group",0.218691615829316,0.804580123312264,"UC_before","Wilcoxon rank sum exact test","UC_before vs UC_after",1.5916114790287,0.670488209194587
"k__Bacteria;p__Bacteroidetes;c__Bacteroidia;o__Bacteroidales;f__Bacteroidaceae;g__Bacteroides;s__ovatus","Group",0.327295471151948,0.877860830773869,"UC_before","Wilcoxon rank sum exact test","UC_before vs UC_after",1.32543585158695,0.406466848374247
"k__Bacteria;p__Bacteroidetes;c__Bacteroidia;o__Bacteroidales;f__Rikenellaceae;g__;s__","Group",0.576339951887589,0.947408140089187,"UC_after","Wilcoxon rank sum exact test","UC_before vs UC_after",0.965616045845272,-0.0504784450277938
"k__Bacteria;p__Bacteroidetes;c__Bacteroidia;o__Bacteroidales;f__Prevotellaceae;g__Prevotella;s__","Group",0.559447221367596,0.947408140089187,"UC_before","Wilcoxon rank sum exact test","UC_before vs UC_after",5.23157894736842,2.38724643323134
"k__Bacteria;p__Bacteroidetes;c__Bacteroidia;o__Bacteroidales;f__Bacteroidaceae;g__Bacteroides;s__fragilis","Group",0.0232229143013158,0.456562464703365,"UC_before","Wilcoxon rank sum exact test","UC_before vs UC_after",3.20821114369501,1.68176909376838
"k__Bacteria;p__TM7;c__TM7-3;o__;f__;g__;s__","Group",0.133177608341822,0.746838247966713,"UC_after","Wilcoxon rank sum exact test","UC_before vs UC_after",0.236363636363636,-2.08091999538357
"k__Bacteria;p__Actinobacteria;c__Actinobacteria;o__Bifidobacteriales;f__Bifidobacteriaceae;g__Bifidobacterium;__","Group",0.596420471262656,0.95427275402025,"UC_after","Wilcoxon rank sum exact test","UC_before vs UC_after",0.47148288973384,-1.08472267890543
"k__Bacteria;p__Firmicutes;c__Clostridia;o__Clostridiales;f__Lachnospiraceae;g__Dorea;s__longicatena","Group",0.556076863046577,0.947408140089187,"UC_after","Wilcoxon rank sum exact test","UC_before vs UC_after",0.951557093425606,-0.0716378740886568
"k__Bacteria;p__Firmicutes;c__Clostridia;o__Clostridiales;f__Lachnospiraceae;g__Lachnospira;s__","Group",0.0406401979943725,0.541869306591633,"UC_before","Wilcoxon rank sum exact test","UC_before vs UC_after",2.99183673469388,1.58103144913124
"k__Bacteria;p__Firmicutes;c__Clostridia;o__Clostridiales;f__Ruminococcaceae;g__Faecalibacterium;__","Group",0.449241937453866,0.947408140089187,"UC_before","Wilcoxon rank sum exact test","UC_before vs UC_after",1.27272727272727,0.347923303420307
"k__Bacteria;p__Firmicutes;c__Clostridia;o__Clostridiales;f__Lachnospiraceae;g__[Ruminococcus];s__","Group",0.908244324577724,0.990641952146713,"UC_after","Wilcoxon rank sum exact test","UC_before vs UC_after",0.989807474518686,-0.0147801581478676
"k__Bacteria;p__Firmicutes;c__Clostridia;o__Clostridiales;f__Lachnospiraceae;g__;s__","Group",0.299597351666794,0.876870297561349,"UC_before","Wilcoxon rank sum exact test","UC_before vs UC_after",1.49754573850959,0.58260006692943
"k__Bacteria;p__Firmicutes;c__Clostridia;o__Clostridiales;f__Lachnospiraceae;g__Roseburia;__","Group",0.54606803122249,0.947408140089187,"UC_before","Wilcoxon rank sum exact test","UC_before vs UC_after",1.35615079365079,0.439517604106144
"k__Bacteria;p__Actinobacteria;c__Actinobacteria;o__Bifidobacteriales;f__Bifidobacteriaceae;g__Bifidobacterium;s__longum","Group",0.760107431752081,0.972401090227743,"UC_after","Wilcoxon rank sum exact test","UC_before vs UC_after",0.730438460453969,-0.453165364004728
"k__Bacteria;p__Actinobacteria;c__Actinobacteria;o__Bifidobacteriales;f__Bifidobacteriaceae;g__Bifidobacterium;s__adolescentis","Group",0.728628502971474,0.972401090227743,"UC_after","Wilcoxon rank sum exact test","UC_before vs UC_after",0.5777512347871,-0.791479656820467
"k__Bacteria;p__Actinobacteria;c__Actinobacteria;o__Bifidobacteriales;f__Bifidobacteriaceae;g__Bifidobacterium;s__animalis","Group",0.0200634772280312,0.456562464703365,"UC_after","Wilcoxon rank sum exact test","UC_before vs UC_after",0.0958333333333333,-3.38332863955151
"k__Bacteria;p__Firmicutes;c__Clostridia;o__Clostridiales;f__Lachnospiraceae;g__Roseburia;s__","Group",0.255205734842352,0.825953336617313,"UC_before","Wilcoxon rank sum exact test","UC_before vs UC_after",3.87777777777778,1.95523012987998
"k__Bacteria;p__Firmicutes;c__Clostridia;o__Clostridiales;f__Lachnospiraceae;g__Dorea;s__","Group",0.148472206236912,0.7746375977578,"UC_before","Wilcoxon rank sum exact test","UC_before vs UC_after",1.79056237879767,0.840412779487515
"k__Bacteria;p__Proteobacteria;c__Deltaproteobacteria;o__Desulfovibrionales;f__Desulfovibrionaceae;g__Desulfovibrio;s__C21_c20","Group",0.273564842277843,0.825953336617313,"UC_before","Wilcoxon rank sum exact test","UC_before vs UC_after",2.65,1.40599235967584
"k__Bacteria;p__Bacteroidetes;c__Bacteroidia;o__Bacteroidales;f__Rikenellaceae;__;__","Group",0.109199949728018,0.746838247966713,"UC_before","Wilcoxon rank sum exact test","UC_before vs UC_after",6.25806451612903,2.64571653180025
"k__Bacteria;p__Proteobacteria;c__Gammaproteobacteria;o__Pasteurellales;f__Pasteurellaceae;g__Haemophilus;s__parainfluenzae","Group",0.408437643687459,0.947408140089187,"UC_before","Wilcoxon rank sum exact test","UC_before vs UC_after",1.29118497109827,0.368695691404766
"k__Bacteria;p__Proteobacteria;c__Gammaproteobacteria;o__Pseudomonadales;f__Pseudomonadaceae;g__Pseudomonas;s__viridiflava","Group",0.880121053441484,0.990641952146713,"UC_before","Wilcoxon rank sum exact test","UC_before vs UC_after",1.06414762741652,0.0896983073877469
"k__Bacteria;p__Proteobacteria;c__Gammaproteobacteria;o__Pseudomonadales;f__Pseudomonadaceae;g__Pseudomonas;__","Group",0.407450874183744,0.947408140089187,"UC_before","Wilcoxon rank sum exact test","UC_before vs UC_after",1.48387096774194,0.569365645670138
"k__Bacteria;p__Firmicutes;c__Clostridia;o__Clostridiales;f__Christensenellaceae;g__;s__","Group",0.225410008726791,0.804580123312264,"UC_before","Wilcoxon rank sum exact test","UC_before vs UC_after",5.06060606060606,2.3393101731156
"k__Bacteria;p__Firmicutes;c__Clostridia;o__Clostridiales;f__Veillonellaceae;g__Veillonella;s__dispar","Group",0.33926774095341,0.877860830773869,"UC_before","Wilcoxon rank sum exact test","UC_before vs UC_after",4.75873015873016,2.25057664956058
"k__Bacteria;p__Firmicutes;c__Clostridia;o__Clostridiales;f__Veillonellaceae;g__Megasphaera;s__","Group",0.509755952291569,0.947408140089187,"UC_before","Wilcoxon rank sum exact test","UC_before vs UC_after",2.58571428571429,1.37056287013824
"k__Bacteria;p__Actinobacteria;c__Coriobacteriia;o__Coriobacteriales;f__Coriobacteriaceae;g__Atopobium;s__","Group",0.633713962440411,0.958903431814005,"UC_before","Wilcoxon rank sum exact test","UC_before vs UC_after",2.72631578947368,1.44695267935561
"k__Bacteria;p__Proteobacteria;c__Alphaproteobacteria;o__Caulobacterales;f__Caulobacteraceae;g__Brevundimonas;__","Group",0.691757578297109,0.969724169477871,"UC_before","Wilcoxon rank sum exact test","UC_before vs UC_after",1.98275862068966,0.987509055816803
"k__Bacteria;p__Proteobacteria;c__Alphaproteobacteria;o__Caulobacterales;f__Caulobacteraceae;g__;s__","Group",1,1,"UC_before","Wilcoxon rank sum exact test","UC_before vs UC_after",1.70253164556962,0.767681614379521
"k__Bacteria;p__Actinobacteria;c__Coriobacteriia;o__Coriobacteriales;f__Coriobacteriaceae;g__Collinsella;s__aerofaciens","Group",0.64608650295544,0.958903431814005,"UC_before","Wilcoxon rank sum exact test","UC_before vs UC_after",1.25216387766878,0.324423388171672
"k__Bacteria;p__Cyanobacteria;c__Chloroplast;o__Streptophyta;f__;g__;s__","Group",0.374212066337775,0.916437713480264,"UC_after","Wilcoxon rank sum exact test","UC_before vs UC_after",0.374331550802139,-1.41761144294267
"k__Bacteria;p__Proteobacteria;c__Betaproteobacteria;o__Burkholderiales;f__Alcaligenaceae;g__Sutterella;s__","Group",0.0890283809679349,0.712227047743479,"UC_before","Wilcoxon rank sum exact test","UC_before vs UC_after",1.54129979035639,0.624147500396161
"k__Bacteria;p__Firmicutes;c__Clostridia;o__Clostridiales;f__Ruminococcaceae;g__Ruminococcus;__","Group",0.903302019552969,0.990641952146713,"UC_after","Wilcoxon rank sum exact test","UC_before vs UC_after",0.471223021582734,-1.08551807118606
"k__Bacteria;p__Firmicutes;c__Bacilli;o__Lactobacillales;f__Lactobacillaceae;g__Lactobacillus;s__salivarius","Group",0.70570179863947,0.972401090227743,"UC_before","Wilcoxon rank sum exact test","UC_before vs UC_after",2.76608187134503,1.4678438584535
"k__Bacteria;p__Firmicutes;c__Clostridia;o__Clostridiales;f__Veillonellaceae;g__Veillonella;__","Group",0.694968988125807,0.969724169477871,"UC_before","Wilcoxon rank sum exact test","UC_before vs UC_after",1.40508021390374,0.490652494074542
"k__Bacteria;p__Firmicutes;c__Bacilli;o__Gemellales;f__Gemellaceae;__;__","Group",0.136920345460564,0.746838247966713,"UC_before","Wilcoxon rank sum exact test","UC_before vs UC_after",4.37254901960784,2.12847455794881
"k__Bacteria;p__Firmicutes;c__Bacilli;o__Gemellales;f__Gemellaceae;g__;s__","Group",0.984117645606126,1,"UC_before","Wilcoxon rank sum exact test","UC_before vs UC_after",1.46456692913386,0.550474124335866
"k__Bacteria;p__Bacteroidetes;c__Bacteroidia;o__Bacteroidales;f__Bacteroidaceae;g__Bacteroides;s__plebeius","Group",0.800591967231917,0.985235419321723,"UC_after","Wilcoxon rank sum exact test","UC_before vs UC_after",0.850409836065574,-0.233769811328599
"k__Bacteria;p__Bacteroidetes;c__Bacteroidia;o__Bacteroidales;f__[Odoribacteraceae];g__Odoribacter;s__","Group",0.5430652101953,0.947408140089187,"UC_after","Wilcoxon rank sum exact test","UC_before vs UC_after",0.974025974025974,-0.0379678501990205
"k__Bacteria;p__Bacteroidetes;c__Bacteroidia;o__Bacteroidales;f__Porphyromonadaceae;g__Parabacteroides;s__","Group",0.42907864960555,0.947408140089187,"UC_after","Wilcoxon rank sum exact test","UC_before vs UC_after",0.25231646471846,-1.9866937435369
"k__Bacteria;p__Firmicutes;c__Clostridia;o__Clostridiales;f__Clostridiaceae;g__Clostridium;s__neonatale","Group",0.443097249733151,0.947408140089187,"UC_before","Wilcoxon rank sum exact test","UC_before vs UC_after",2.11004784688995,1.07727571347664
"k__Bacteria;p__Firmicutes;c__Clostridia;o__Clostridiales;f__Clostridiaceae;g__;s__","Group",0.0888986996264822,0.712227047743479,"UC_before","Wilcoxon rank sum exact test","UC_before vs UC_after",2.34782608695652,1.23132554610646
"k__Bacteria;p__Firmicutes;c__Clostridia;o__Clostridiales;f__Lachnospiraceae;g__Blautia;s__producta","Group",0.199623699164649,0.804580123312264,"UC_before","Wilcoxon rank sum exact test","UC_before vs UC_after",1.56280064136825,0.644133752711653
"k__Bacteria;p__Firmicutes;c__Clostridia;o__Clostridiales;f__Lachnospiraceae;g__Coprococcus;s__catus","Group",0.903427983053334,0.990641952146713,"UC_before","Wilcoxon rank sum exact test","UC_before vs UC_after",1.11271676300578,0.154086407945539
"k__Bacteria;p__Proteobacteria;c__Deltaproteobacteria;o__Desulfovibrionales;f__Desulfovibrionaceae;g__;s__","Group",0.0247077981396475,0.456562464703365,"UC_before","Wilcoxon rank sum exact test","UC_before vs UC_after",5.4,2.43295940727611
"k__Bacteria;p__Proteobacteria;c__Deltaproteobacteria;o__Desulfovibrionales;f__Desulfovibrionaceae;g__Bilophila;s__","Group",0.166694103839965,0.800131698431833,"UC_before","Wilcoxon rank sum exact test","UC_before vs UC_after",2.4390243902439,1.28630418515664
"k__Bacteria;p__Proteobacteria;c__Deltaproteobacteria;o__Desulfovibrionales;f__Desulfovibrionaceae;g__Desulfovibrio;s__","Group",0.310222345935879,0.877860830773869,"UC_before","Wilcoxon rank sum exact test","UC_before vs UC_after",1.45398773006135,0.540015094667182
"k__Bacteria;p__Proteobacteria;c__Alphaproteobacteria;o__Sphingomonadales;f__Sphingomonadaceae;g__Sphingomonas;s__yabuuchiae","Group",0.574759465783435,0.947408140089187,"UC_before","Wilcoxon rank sum exact test","UC_before vs UC_after",1.14134275618375,0.190732111862042
"k__Bacteria;p__Firmicutes;c__Clostridia;o__Clostridiales;f__Ruminococcaceae;g__Ruminococcus;s__bromii","Group",0.123558574302011,0.746838247966713,"UC_after","Wilcoxon rank sum exact test","UC_before vs UC_after",0.460803059273423,-1.11777780001698
"k__Bacteria;p__Firmicutes;c__Clostridia;o__Clostridiales;f__Ruminococcaceae;g__Butyricicoccus;s__pullicaecorum","Group",0.344944159151467,0.877860830773869,"UC_before","Wilcoxon rank sum exact test","UC_before vs UC_after",3.06569343065693,1.6162134347056
"k__Bacteria;p__Bacteroidetes;c__Bacteroidia;o__Bacteroidales;f__Bacteroidaceae;g__Bacteroides;__","Group",0.0266328104410296,0.456562464703365,"UC_before","Wilcoxon rank sum exact test","UC_before vs UC_after",1.87788922808548,0.90911196458644
"k__Bacteria;p__Firmicutes;c__Erysipelotrichi;o__Erysipelotrichales;f__Erysipelotrichaceae;g__[Eubacterium];s__biforme","Group",0.663659198445109,0.959507274860398,"UC_after","Wilcoxon rank sum exact test","UC_before vs UC_after",0.7001287001287,-0.514307947157371
"k__Bacteria;p__Firmicutes;c__Bacilli;o__Lactobacillales;f__Lactobacillaceae;g__Lactobacillus;s__reuteri","Group",0.136199819571599,0.746838247966713,"UC_after","Wilcoxon rank sum exact test","UC_before vs UC_after",0.370434782608696,-1.4327085256059
"k__Bacteria;p__Firmicutes;c__Bacilli;o__Lactobacillales;f__Aerococcaceae;g__Abiotrophia;s__","Group",0.430807874291723,0.947408140089187,"UC_after","Wilcoxon rank sum exact test","UC_before vs UC_after",0.347826086956522,-1.52356195605701
"k__Bacteria;p__Firmicutes;c__Bacilli;o__Lactobacillales;f__Streptococcaceae;g__Streptococcus;__","Group",0.216256515649887,0.804580123312264,"UC_before","Wilcoxon rank sum exact test","UC_before vs UC_after",3.37892376681614,1.75656380167752
"k__Bacteria;p__Bacteroidetes;c__Bacteroidia;o__Bacteroidales;f__Bacteroidaceae;g__Bacteroides;s__uniformis","Group",0.0387046422259607,0.541869306591633,"UC_before","Wilcoxon rank sum exact test","UC_before vs UC_after",1.93847487001733,0.954922032413636
"k__Bacteria;p__Bacteroidetes;c__Bacteroidia;o__Bacteroidales;f__Bacteroidaceae;g__Bacteroides;s__caccae","Group",0.0183936533898581,0.456562464703365,"UC_before","Wilcoxon rank sum exact test","UC_before vs UC_after",5.68421052631579,2.50695998871988
"k__Bacteria;p__Firmicutes;c__Clostridia;o__Clostridiales;f__Lachnospiraceae;g__Dorea;s__formicigenerans","Group",0.518595379834633,0.947408140089187,"UC_before","Wilcoxon rank sum exact test","UC_before vs UC_after",1.11757501530925,0.160371673093047
"k__Bacteria;p__Proteobacteria;c__Gammaproteobacteria;o__Enterobacteriales;f__Enterobacteriaceae;g__Klebsiella;__","Group",0.503973078362552,0.947408140089187,"UC_after","Wilcoxon rank sum exact test","UC_before vs UC_after",0.469548133595285,-1.09065503809495
"k__Bacteria;p__Firmicutes;c__Clostridia;o__Clostridiales;f__Lachnospiraceae;g__Blautia;s__obeum","Group",0.673498955937407,0.962141365624867,"UC_after","Wilcoxon rank sum exact test","UC_before vs UC_after",0.608267716535433,-0.717221658867791
"k__Bacteria;p__Firmicutes;c__Clostridia;o__Clostridiales;f__Clostridiaceae;g__Clostridium;__","Group",0.976346853820309,1,"UC_after","Wilcoxon rank sum exact test","UC_before vs UC_after",0.916049382716049,-0.126502721151184
"k__Bacteria;p__Proteobacteria;c__Gammaproteobacteria;o__Pseudomonadales;f__Moraxellaceae;g__Acinetobacter;s__rhizosphaerae","Group",0.571153611890669,0.947408140089187,"UC_before","Wilcoxon rank sum exact test","UC_before vs UC_after",1.83333333333333,0.874469117916141
"k__Bacteria;p__Firmicutes;c__Clostridia;o__Clostridiales;f__Veillonellaceae;g__Veillonella;s__parvula","Group",0.0503058422971985,0.548791006878529,"UC_before","Wilcoxon rank sum exact test","UC_before vs UC_after",6.34375,2.66533591718518
"k__Bacteria;p__Proteobacteria;c__Betaproteobacteria;o__Burkholderiales;f__Comamonadaceae;g__Hydrogenophaga;s__palleronii","Group",0.835170370319198,0.985235419321723,"UC_after","Wilcoxon rank sum exact test","UC_before vs UC_after",0.657079646017699,-0.605859841614422
"k__Bacteria;p__Bacteroidetes;c__[Saprospirae];o__[Saprospirales];f__Chitinophagaceae;g__;s__","Group",0.132556949835996,0.746838247966713,"UC_before","Wilcoxon rank sum exact test","UC_before vs UC_after",5.38461538461538,2.42884329880387
"k__Bacteria;p__Firmicutes;c__Bacilli;o__Lactobacillales;f__Lactobacillaceae;g__Lactobacillus;s__mucosae","Group",0.105134299488774,0.746838247966713,"UC_after","Wilcoxon rank sum exact test","UC_before vs UC_after",0.575057736720554,-0.798221282658644
"k__Bacteria;p__Bacteroidetes;c__Bacteroidia;o__Bacteroidales;f__Rikenellaceae;g__Alistipes;s__putredinis","Group",0.45571002979146,0.947408140089187,"UC_before","Wilcoxon rank sum exact test","UC_before vs UC_after",3.74074074074074,1.90332398058833
"k__Bacteria;p__Firmicutes;c__Clostridia;o__Clostridiales;f__Peptostreptococcaceae;__;__","Group",0.904705873636748,0.990641952146713,"UC_after","Wilcoxon rank sum exact test","UC_before vs UC_after",0.504166666666667,-0.988027358333924
"k__Bacteria;p__Firmicutes;c__Clostridia;o__Clostridiales;f__Lachnospiraceae;g__Clostridium;s__citroniae","Group",0.76035717889214,0.972401090227743,"UC_after","Wilcoxon rank sum exact test","UC_before vs UC_after",0.81549815498155,-0.29424648196244
"k__Bacteria;p__Actinobacteria;c__Actinobacteria;o__Bifidobacteriales;f__Bifidobacteriaceae;g__Bifidobacterium;s__breve","Group",0.7166589389891,0.972401090227743,"UC_after","Wilcoxon rank sum exact test","UC_before vs UC_after",0.923809523809524,-0.114332675478995
"k__Bacteria;p__Actinobacteria;c__Actinobacteria;o__Bifidobacteriales;f__Bifidobacteriaceae;g__Bifidobacterium;s__bifidum","Group",0.26427731607338,0.825953336617313,"UC_after","Wilcoxon rank sum exact test","UC_before vs UC_after",0.482758620689655,-1.05062607306997
"k__Bacteria;p__Firmicutes;c__Clostridia;o__Clostridiales;f__Lachnospiraceae;g__Clostridium;s__colinum","Group",0.19364448857994,0.804580123312264,"UC_after","Wilcoxon rank sum exact test","UC_before vs UC_after",0.238993710691824,-2.06495544184077
"k__Bacteria;p__Proteobacteria;c__Alphaproteobacteria;o__Caulobacterales;f__Caulobacteraceae;g__Caulobacter;s__","Group",0.729726141607677,0.972401090227743,"UC_before","Wilcoxon rank sum exact test","UC_before vs UC_after",1.63018867924528,0.705038952712907
