primary,PCoA1,PCoA2,PCoA3
J_XYL_F_0001_01,-0.3112,-0.1974,0.066
J_XYL_F_0001_02,-0.4026,-0.1026,-0.1205
J_XYL_F_0002_01,0.232,-0.1069,0.1073
J_XYL_F_0002_02,0.2366,-0.0644,-0.0351
J_XYL_F_0003_01,0.2398,-0.1331,0.0962
J_XYL_F_0003_02,0.2385,0.0215,-0.397
J_XYL_F_0004_01,0.2316,-0.0531,0.1296
J_XYL_F_0004_02,0.074,0.0407,0.0866
J_XYL_F_0005_01,0.1846,-0.1528,0.0671
J_XYL_F_0005_02,0.1628,-0.1541,0.0778
J_XYL_F_0006_01,0.1156,-0.1106,0.0753
J_XYL_F_0006_02,0.1221,-0.0707,-0.0197
J_XYL_F_0010_01,0.2252,-0.1322,0.0718
J_XYL_F_0010_02,0.2255,-0.1309,0.0598
J_XYL_F_0012_01,0.1348,0.0598,-0.392
J_XYL_F_0012_02,0.1482,0.0736,-0.5139
J_XYL_F_0013_01,0.0148,-0.1234,0.0045
J_XYL_F_0013_02,-0.1983,-0.0921,-0.0171
J_XYL_F_0015_01,-0.2184,-0.144,-0.0309
J_XYL_F_0015_02,0.025,-0.0944,-0.1039
J_XYL_F_0016_01,-0.135,-0.1099,-0.0219
J_XYL_F_0016_02,-0.0995,-0.1224,0.0147
J_XYL_F_0018_01,0.2046,-0.0649,0.0803
J_XYL_F_0018_02,0.0636,-0.119,0.0332
J_XYL_F_0020_01,0.2572,-0.0342,0.1436
J_XYL_F_0020_02,-0.0128,-0.0339,-0.0609
J_XYL_F_0025_01,0.2124,-0.1408,0.1189
J_XYL_F_0025_02,-0.004,-0.1693,0.0631
J_XYL_F_0031_01,0.0489,0.2705,0.1314
J_XYL_F_0031_02,0.0558,0.1945,0.1396
J_XYL_F_0032_01,0.0757,-0.0348,0.0864
J_XYL_F_0032_02,0.1474,-0.0172,0.1356
J_XYL_F_0034_01,0.0172,-0.0265,0.084
J_XYL_F_0034_02,-0.3245,-0.1319,-0.0723
J_XYL_F_0036_01,0.023,-0.2109,0.0918
J_XYL_F_0036_02,0.1212,-0.1334,0.0291
J_XYL_F_0043_01,0.1525,0.1015,0.1765
J_XYL_F_0043_2,0.2039,-0.1274,0.0785
J_XYL_F_0044_01,-0.1977,-0.1903,0.1459
J_XYL_F_0044_02,0.0215,-0.1027,0.0194
J_XYL_F_0045_01,-0.4695,-0.157,-0.0922
J_XYL_F_0045_2,-0.4246,-0.1412,-0.0841
J_XYL_F_0046_01,0.1741,-0.1218,0.0348
J_XYL_F_0046_02,-0.034,-0.197,0.0647
J_XYL_F_0047_01,-0.1831,-0.0472,0.0285
J_XYL_F_0047_02,0.0694,-0.1092,0.1168
J_XYL_F_0048_01,-0.5735,-0.1208,-0.1358
J_XYL_F_0049_02,0.1456,-0.1647,0.1198
J_XYL_F_0050_01,-0.4565,-0.1198,-0.0976
J_XYL_F_0050_02,-0.3087,-0.1102,0.0375
J_XYL_F_0051_01,-0.5216,-0.1289,-0.0882
J_XYL_F_0051_02,0.1593,-0.0054,-0.0423
J_XYL_F_0053_01,0.1992,0.0373,-0.1599
J_XYL_F_0053_02,0.2286,-0.0262,-0.0692
J_XYL_F_0057_01,0.0006,-0.0967,0.1741
J_XYL_F_0057_02,0.1556,-0.017,0.1198
J_XYL_F_0058_01,-0.3959,-0.1437,0.0153
J_XYL_F_0058_02,0.1465,-0.0821,0.0837
J_XYL_F_0059_01,0.1525,-0.0864,0.0374
J_XYL_F_0059_02,0.171,-0.1117,0.0671
J_XYL_F_0060_01,-0.1221,-0.0131,0.1168
J_XYL_F_0060_02,0.0045,0.3829,0.1392
J_XYL_F_0061_01,0.0772,0.0156,0.1288
J_XYL_F_0061_02,-0.0366,0.0076,0.0817
J_XYL_F_0062_01,0.0831,-0.0208,-0.1116
J_XYL_F_0062_02,0.052,0.0684,-0.1657
J_XYL_F_0064_01,-0.4302,-0.0928,-0.1243
J_XYL_F_0064_02,-0.277,-0.1835,-0.029
J_XYL_F_0065_01,0.1373,-0.1484,-0.0776
J_XYL_F_0065_02,0.2235,-0.1733,0.137
J_XYL_F_0066_01,-0.3245,-0.1011,-0.0266
J_XYL_F_0066_02,-0.1176,0.2561,0.074
K_XYL_F_0001_01,-0.1775,-0.0727,0.0782
K_XYL_F_0001_02,-0.402,0.387,0.0519
K_XYL_F_0002_01,-0.4505,-0.0918,-0.0636
K_XYL_F_0002_02,-0.4387,0.3952,0.0723
K_XYL_F_0003_01,-0.0193,0.017,-0.0386
K_XYL_F_0003_02,-0.4447,-0.0041,-0.1013
K_XYL_F_0004_01,-0.3892,-0.179,0.0423
K_XYL_F_0004_02,-0.5128,0.1981,-0.0016
K_XYL_F_0005_01,0.1167,-0.0419,0.1235
K_XYL_F_0005_02,-0.0604,0.5088,0.1034
K_XYL_F_0007_01,-0.0716,-0.1952,0.1272
K_XYL_F_0007_02,0.1159,-0.0257,0.0549
K_XYL_F_0008_01,0.0031,-0.2187,0.1029
K_XYL_F_0008_02,-0.1806,-0.213,-0.0054
K_XYL_F_0009_01,0.2218,-0.0924,0.0259
K_XYL_F_0009_02,0.1385,0.004,0.0528
K_XYL_F_0009_03,0.2107,0.2821,-0.1364
K_XYL_F_0011_01,0.2038,-0.103,0.0839
K_XYL_F_0011_02,0.0803,-0.0053,-0.0559
K_XYL_F_0012_01,0.2843,-0.0691,0.0563
K_XYL_F_0012_02,0.2675,0.0056,-0.4008
K_XYL_F_0013_01,0.0912,-0.048,0.0539
K_XYL_F_0013_02,0.0792,0.1064,-0.4192
K_XYL_F_0017_01,-0.1608,0.1004,0.0888
K_XYL_F_0017_02,-0.3162,-0.1026,0.0238
K_XYL_F_0018_01,-0.0414,0.3186,-0.0741
K_XYL_F_0018_02,-0.011,0.0234,0.0936
K_XYL_F_0022_01,-0.0814,0.0604,-0.036
K_XYL_F_0022_02,0.2257,0.0224,-0.3915
K_XYL_F_0028_01,-0.0857,0.0283,0.0473
K_XYL_F_0028_02,-0.0439,0.0047,0.0758
K_XYL_F_0030_02,0.1286,-0.0467,0.0772
K_XYL_F_0030_03,-0.0353,0.0679,-0.0356
K_XYL_F_0033_01,0.1063,0.3324,-0.0584
K_XYL_F_0033_02,0.0691,0.458,-0.1508
K_XYL_F_0035_01,0.2359,-0.0817,0.1146
K_XYL_F_0035_02,0.2519,-0.1291,0.1327
K_XYL_F_0035_03,0.1522,-0.0824,0.1391
K_XYL_F_0036_01,0.0676,-0.0332,0.0413
K_XYL_F_0036_02,0.1202,0.2646,0.1364
K_XYL_F_0037_01,0.177,0.0737,-0.4733
K_XYL_F_0037_02,0.1797,0.0708,-0.4833
K_XYL_F_0038_01,-0.2601,0.3145,0.1561
K_XYL_F_0038_02,-0.0124,0.3613,0.1673
K_XYL_F_0039_01,-0.035,0.0214,-0.0931
K_XYL_F_0039_02,-0.5374,-0.0632,-0.1119
K_XYL_F_0042_01,0.212,0.0294,-0.2977
K_XYL_F_0042_02,0.1516,0.1482,-0.4178
K_XYL_F_0043_01,0.0944,0.3207,0.1381
K_XYL_F_0043_02,-0.0277,0.5248,0.1018
K_XYL_F_0044_01,0.0547,0.3816,0.1878
K_XYL_F_0044_02,0.0842,0.4057,0.1415
K_XYL_F_0045_01,0.1856,-0.0923,-0.1562
K_XYL_F_0045_02,-0.0628,0.4504,0.1039
K_XYL_F_0046_01,0.1988,-0.101,-0.1733
K_XYL_F_0046_02,-0.1198,0.4499,0.1191
K_XYL_F_0047_01,0.1799,-0.1026,0.0688
K_XYL_F_0047_02,0.2271,-0.1292,0.1222
K_XYL_F_0048_01,0.086,0.076,-0.1612
K_XYL_F_0048_02,0.1598,-0.0678,0.1286